date,gdp,gdp_construccion
2017-03-01,75234.20868350391,5143.144464667713
2017-06-01,80176.52166274957,5136.2316008212965
2017-09-01,82560.63720316945,5956.444824866936
2017-12-01,79387.24005703516,6251.071701399529
2018-03-01,77481.32102519432,4949.697551959895
2018-06-01,85436.46855657209,5689.047353707429
2018-09-01,82898.76135591706,6435.61251246012
2018-12-01,80644.17060058666,6640.009864822328
2019-03-01,80209.9133436463,5736.428971401711
2019-06-01,86412.39628025572,6241.412326263383
2019-09-01,85874.06970587948,6607.664890855702
2019-12-01,78883.19462669577,5690.389149869805
2020-03-01,76531.52729861993,4032.292688646673
2020-06-01,64029.12887801013,2293.3378676730854
2020-09-01,71919.5913313696,3984.514787961447
2020-12-01,76749.60422949676,5126.775248620669
2021-03-01,75108.51358265117,3925.647828436526
2021-06-01,81540.7542516295,4554.62634353947
2021-09-01,81169.0204368997,5207.329767290579
2021-12-01,80418.56660860812,5335.367187191828
2022-03-01,81682.4242006762,4387.281888465189
2022-06-01,85248.03880671957,4558.801867388299
2022-09-01,84140.72124601701,4967.052102261521
2022-12-01,79091.33358664172,5144.762688396695
2023-03-01,81528.9820694421,4396.215858532203
2023-06-01,88308.19361960285,4744.75484713172
2023-09-01,86547.39917594253,5189.60534148466
2023-12-01,82086.03998283777,5477.917021481438
2024-03-01,79583.89769754479,4732.147545885584
2024-06-01,89057.5583060046,4729.888743654804
2024-09-01,85333.09690282706,4975.314195683585
2024-12-01,80693.83852392562,5274.054308739163
2025-03-01,78258.32964814172,3983.533225669511
2025-06-01,86588.4617015666,4336.750819502868
2025-09-01,84754.45306979063,4372.829182681672
2025-12-01,79771.42877833152,4342.676899720723
