date,gt_comprar_dolares,gt_dolar_hoy,gt_dolar_paralelo,gt_tipo_de_cambio,gt_trabajo,gt_cemento,gt_diesel,gt_gasolina,gt_celular,gt_delivery,gt_electrodomesticos,gt_hipermaxi,gt_autos_usados,gt_comprar_auto,gt_pedidosya,gt_supermercado,gt_computrabajo,gt_credito,gt_prestamo,gt_tarjeta_de_credito,gt_empleo,gt_escasez,gt_factura_electronica,gt_impuestos_nacionales,gt_alquiler_de_casa,gt_alquiler_departamento,gt_inflacion,gt_remesas,gt_binance,gt_laptop,gt_usdt,gt_ypfb,gt_fidalga,gt_lavadora,gt_refrigerador,gt_televisor,gt_ketal,gt_motos,gt_toyota,gt_yaigo,gt_banco_mercantil_santa_cruz,gt_bnb,gt_bolsa_de_trabajo,gt_canasta_familiar,gt_fundempresa,gt_nit,gt_trabajopolis,gt_entel,gt_enviar_dinero,gt_tigo,gt_western_union,gt_boa,gt_comprar_terreno,gt_pasajes,gt_tigo_money,gt_ultracasas,gt_ladrillo,gt_muebles,gt_surtidor,gt_banco_bisa,gt_banco_sol,gt_ic_norte,gt_suzuki,gt_convocatoria,gt_precio_del_pollo
2018-01-01,36,7,0,14,70,59,38,15,88,9,81,36,100,86,0,63,63,90,30,68,79,0,0,56,74,100,30,29,4,40,0,56,30,57,51,67,56,100,78,0,73,82,100,1,30,39,96,52,21,62,54,39,0,57,29,60,61,100,14,93,63,73,87,91,0
2018-02-01,22,6,0,13,72,64,41,16,83,9,61,26,88,86,0,58,62,79,32,50,83,17,22,47,36,67,45,32,3,38,0,53,26,53,32,71,40,76,74,0,67,73,66,1,35,42,94,49,37,58,57,30,0,43,25,60,60,79,10,83,53,60,79,45,0
2018-03-01,0,5,0,12,87,77,47,19,83,8,80,29,84,74,0,82,54,87,94,49,78,29,24,51,42,44,70,25,2,44,0,55,100,45,42,63,42,76,77,0,66,75,71,1,58,40,75,45,23,55,52,31,0,39,25,60,65,88,10,88,55,38,79,39,35
2018-04-01,20,4,0,12,95,78,53,17,78,9,84,25,88,73,0,68,54,91,100,57,97,29,24,75,32,51,78,0,2,42,0,65,29,45,44,69,45,71,70,0,66,74,67,1,49,45,73,53,0,53,47,25,0,32,25,74,77,91,9,91,58,49,76,45,0
2018-05-01,25,11,0,16,96,76,49,18,78,9,90,23,78,61,0,68,0,88,85,61,64,16,0,49,39,53,78,28,2,41,0,61,20,50,44,76,35,72,73,0,61,78,55,2,100,39,71,48,0,59,59,26,0,29,27,73,78,87,14,87,53,44,72,42,0
2018-06-01,19,8,0,14,77,85,45,16,73,11,69,23,70,82,0,56,0,87,59,48,64,26,27,41,46,64,65,0,1,43,0,54,19,61,35,100,35,65,64,0,58,77,55,2,49,36,67,45,25,77,58,29,0,32,26,62,78,90,10,74,49,43,69,35,0
2018-07-01,0,8,0,14,64,67,43,17,78,13,68,30,66,79,0,71,0,95,49,67,66,14,0,54,33,63,40,0,1,42,0,58,17,68,48,71,47,71,100,0,64,80,72,2,37,39,75,53,29,70,53,34,89,46,32,91,76,97,11,84,57,53,80,41,0
2018-08-01,23,11,0,15,67,76,46,17,77,13,83,22,78,66,0,59,49,87,43,68,64,25,17,45,35,47,53,0,1,45,0,57,22,56,53,72,40,64,71,0,56,76,64,1,40,41,65,45,22,57,50,29,0,34,23,72,67,87,10,78,53,40,80,40,0
2018-09-01,0,14,0,15,65,96,46,19,76,13,82,24,64,76,0,59,63,83,39,49,68,26,0,39,47,46,64,30,1,43,0,53,23,50,47,62,38,64,68,0,61,73,65,1,33,38,61,48,30,53,51,29,0,36,21,63,74,80,11,80,54,43,83,42,0
2018-10-01,18,11,0,15,71,82,41,18,73,10,76,24,56,46,0,60,0,84,35,60,64,23,0,46,38,51,66,32,1,42,0,54,17,50,44,64,39,62,66,0,60,67,62,2,36,40,65,45,21,58,56,26,0,36,24,69,74,80,8,79,50,44,73,41,0
2018-11-01,0,10,0,16,72,77,45,22,74,10,83,29,59,100,16,65,0,82,37,68,55,22,25,44,58,51,62,25,0,43,0,51,17,53,51,69,38,65,65,0,62,75,59,1,34,42,59,49,41,58,56,31,0,45,25,71,80,84,9,82,51,58,76,48,0
2018-12-01,28,11,0,16,70,72,38,16,86,13,76,41,59,98,16,93,0,89,28,79,59,0,32,46,42,63,30,27,0,46,0,48,44,58,57,86,71,71,75,0,71,90,43,1,28,36,63,59,29,66,77,38,0,62,34,68,67,76,11,93,64,85,81,63,39
2019-01-01,26,10,0,19,76,62,41,24,87,10,72,33,82,79,14,80,0,94,39,100,81,10,55,57,100,75,37,0,0,45,0,62,35,69,60,88,52,76,79,0,78,87,93,0,31,44,100,60,35,77,67,36,0,61,39,100,85,94,15,89,78,100,94,100,79
2019-02-01,0,8,0,15,73,70,44,19,84,12,70,27,73,78,11,72,69,82,36,70,80,22,53,51,61,59,40,31,1,47,0,62,47,53,51,68,47,63,73,0,66,81,66,1,34,48,86,52,32,77,61,29,0,39,33,75,77,73,13,84,62,57,100,57,41
2019-03-01,35,10,0,14,72,81,42,18,89,10,80,28,66,76,15,85,60,81,32,73,72,43,43,49,38,54,65,0,0,45,0,100,69,49,52,67,58,64,67,0,55,73,45,1,34,42,71,55,29,74,61,32,0,42,34,64,69,79,13,76,58,65,82,46,39
2019-04-01,0,8,0,14,89,89,51,18,77,10,64,29,66,61,19,76,0,86,38,65,84,36,40,74,28,40,69,27,0,45,0,82,45,54,47,66,48,63,66,0,57,76,67,6,39,48,71,48,22,66,64,30,0,40,39,69,78,84,15,80,58,51,85,42,0
2019-05-01,0,8,0,14,100,88,48,21,78,11,100,25,63,68,18,62,46,87,36,68,100,26,0,44,36,47,71,31,0,43,0,88,40,63,46,69,50,58,66,0,59,76,60,3,83,43,73,49,27,65,66,28,0,34,35,52,79,84,13,76,53,68,80,46,0
2019-06-01,29,8,0,16,79,90,44,18,75,10,69,28,52,72,21,77,0,81,31,69,79,13,0,44,36,37,64,0,0,44,0,62,32,61,39,66,52,53,64,0,61,71,49,2,35,39,65,47,32,63,66,32,0,44,35,68,87,83,14,74,54,59,74,45,33
2019-07-01,25,7,0,15,69,84,42,17,71,11,61,40,50,53,14,67,0,82,31,74,73,10,22,55,48,58,43,34,1,45,0,59,30,65,39,70,54,58,71,0,66,87,52,2,34,40,77,52,33,67,70,36,0,51,40,68,79,79,14,85,58,85,82,42,0
2019-08-01,22,16,0,17,71,100,46,19,78,10,70,24,50,86,24,64,0,75,28,56,69,27,20,40,45,43,63,28,4,45,0,54,25,63,42,65,57,54,68,8,71,73,49,2,48,42,70,52,44,60,63,32,0,42,33,64,83,75,14,79,55,53,73,36,0
2019-09-01,27,13,0,16,69,96,41,18,74,12,78,30,60,80,26,69,0,84,34,71,63,25,0,44,36,52,61,31,100,45,0,53,25,53,44,65,49,53,71,9,65,70,42,2,35,41,67,49,16,56,58,35,66,43,33,54,80,74,13,79,55,56,73,38,0
2019-10-01,25,11,0,15,65,87,43,19,67,10,60,35,33,35,22,63,0,74,33,57,51,26,16,47,34,31,69,29,1,42,0,53,26,51,44,60,45,52,51,8,63,69,35,3,29,37,53,44,32,57,65,32,0,39,36,60,67,67,14,71,56,73,56,33,0
2019-11-01,21,13,0,18,62,68,35,27,65,12,57,34,36,83,16,52,0,69,28,59,49,34,0,46,23,34,61,25,1,41,0,72,22,43,51,56,42,67,41,0,62,66,44,2,22,32,53,46,36,60,72,43,0,47,41,40,63,57,15,74,57,51,48,43,0
2019-12-01,36,15,0,20,65,73,38,16,79,11,57,38,56,92,25,70,0,77,29,69,51,13,24,46,51,56,41,0,1,44,0,66,51,57,57,78,80,63,63,0,71,86,46,1,27,37,64,76,32,78,68,42,0,54,43,58,72,71,14,90,58,67,78,69,44
2020-01-01,31,12,0,18,72,72,36,18,84,12,61,38,58,70,34,67,52,84,32,77,74,0,25,61,61,80,33,25,1,49,0,72,29,73,57,74,56,67,72,0,83,80,58,1,28,41,93,67,43,85,69,49,0,64,46,77,61,86,17,95,71,71,91,99,0
2020-02-01,28,10,0,17,65,64,38,17,78,13,55,31,41,84,38,55,0,74,28,61,61,7,0,50,37,45,36,22,1,49,0,66,22,59,46,57,50,53,67,0,67,72,41,1,28,42,72,56,26,71,71,34,0,43,43,64,63,63,10,79,64,54,87,49,0
2020-03-01,0,9,0,13,70,67,38,15,83,19,53,34,31,87,25,80,46,74,24,67,52,27,16,39,20,20,47,0,1,60,0,53,35,53,69,73,93,49,47,12,63,64,33,21,24,30,52,61,45,77,78,25,0,28,54,40,59,62,8,73,66,50,63,25,0
2020-04-01,0,8,0,12,42,71,30,15,90,46,52,40,33,58,41,100,0,85,25,96,39,27,0,28,0,14,46,44,1,82,0,42,32,56,84,88,100,49,33,49,76,70,19,100,11,31,25,75,67,90,97,6,0,10,100,20,78,69,6,77,66,35,33,10,0
2020-05-01,30,8,0,13,64,74,36,15,100,100,76,29,32,55,42,65,0,74,19,69,45,36,0,37,28,27,41,32,1,100,0,55,23,64,78,88,63,67,36,96,61,67,26,31,20,29,30,72,61,84,72,13,0,14,81,27,73,73,6,71,45,36,48,12,0
2020-06-01,31,8,0,15,62,79,34,15,99,81,82,37,39,58,38,75,39,83,26,66,53,28,16,35,34,26,43,25,1,97,0,61,30,72,85,94,59,82,45,100,74,80,37,10,30,31,43,75,59,92,78,18,0,16,90,35,88,91,8,86,59,34,70,17,0
2020-07-01,23,6,0,12,61,78,37,16,98,72,77,31,40,54,30,69,0,100,36,63,81,21,18,60,34,39,39,21,0,92,0,60,24,67,73,84,77,83,53,94,72,77,54,4,40,38,50,72,48,85,75,18,54,15,88,44,82,86,8,84,45,32,75,25,37
2020-08-01,39,7,0,14,56,85,36,18,91,58,61,30,45,60,27,65,0,93,34,63,57,21,0,37,37,40,39,36,1,80,0,54,16,70,80,82,85,87,60,91,65,78,42,3,64,34,56,67,56,83,77,23,57,24,85,49,93,84,8,88,51,34,77,27,0
2020-09-01,39,8,0,16,62,90,44,19,86,43,74,36,49,68,18,77,0,88,33,63,59,33,27,48,34,46,39,30,0,81,0,55,27,65,77,75,60,79,67,60,83,78,41,2,61,41,59,100,53,80,61,25,0,31,73,45,98,88,12,96,60,42,88,35,0
2020-10-01,28,10,0,15,60,89,40,22,80,29,61,38,38,69,17,64,0,82,32,55,53,19,19,59,41,34,45,30,0,65,0,51,22,60,73,58,61,67,56,31,76,71,40,3,33,38,56,71,36,74,74,31,0,30,68,39,89,73,14,89,63,33,82,36,41
2020-11-01,40,11,0,17,59,94,37,19,87,25,62,37,35,57,21,67,0,81,31,57,48,26,0,71,54,34,46,32,1,63,0,59,24,62,67,69,61,68,60,34,76,76,49,7,35,43,57,68,65,74,73,40,0,34,64,45,94,82,11,91,65,41,79,41,0
2020-12-01,27,11,1,16,49,75,37,17,82,24,56,47,36,54,20,67,0,81,28,76,44,17,0,71,24,27,31,28,1,51,0,58,27,68,72,69,91,63,61,42,95,100,28,8,28,46,46,68,53,85,79,48,0,43,73,49,77,71,12,100,74,42,77,60,39
2021-01-01,45,11,0,15,51,70,35,16,87,27,59,41,46,45,21,60,0,86,26,61,48,8,0,70,37,49,23,0,2,68,0,54,31,79,75,64,62,67,61,42,100,89,37,4,22,40,62,72,64,80,71,33,0,35,76,42,79,78,13,95,91,51,88,70,0
2021-02-01,31,7,0,13,51,68,28,15,98,24,46,28,36,66,21,52,0,66,26,51,41,21,0,59,29,40,30,26,4,88,0,47,18,61,61,63,56,57,49,36,65,62,27,2,23,45,48,61,43,73,62,30,0,33,59,36,65,75,11,72,58,38,68,32,0
2021-03-01,0,8,0,11,60,67,34,16,96,19,43,29,36,49,22,53,0,57,23,39,47,25,19,56,32,24,41,25,3,72,0,51,17,60,53,57,44,49,52,30,56,54,35,2,28,36,44,54,48,60,55,28,0,32,52,34,74,64,10,60,48,31,65,23,44
2021-04-01,21,8,0,13,79,74,33,19,87,19,34,55,38,45,20,73,0,61,26,40,50,42,16,72,22,24,42,0,4,72,2,53,18,55,57,63,45,51,51,21,58,54,25,1,28,36,42,49,49,63,59,31,0,28,54,44,75,62,10,66,51,33,67,22,0
2021-05-01,34,9,0,13,82,72,35,15,81,21,34,29,34,40,26,53,0,63,27,46,50,30,0,53,33,19,36,27,7,68,2,66,14,67,60,57,46,48,48,27,62,53,23,1,58,35,44,49,50,62,59,35,56,28,51,36,74,59,13,63,49,23,60,25,0
2021-06-01,25,10,0,16,60,69,39,15,83,27,49,34,34,47,47,48,0,69,30,57,43,20,0,54,0,25,38,27,5,68,0,53,19,73,55,65,45,52,53,29,67,62,36,1,45,40,49,58,57,90,69,31,100,32,61,38,85,71,10,72,51,44,68,27,0
2021-07-01,19,10,0,13,62,68,34,15,84,22,54,33,30,59,56,49,0,64,29,48,53,21,0,58,25,39,35,29,4,65,2,58,18,69,48,66,41,48,51,26,56,56,28,1,28,36,42,60,44,70,60,41,52,39,51,41,79,62,10,65,48,39,67,26,0
2021-08-01,18,10,0,13,59,70,36,17,81,20,35,28,29,56,70,52,0,64,28,49,48,21,14,45,36,17,38,20,6,62,3,60,13,62,53,57,36,43,51,29,51,53,27,1,32,37,41,54,49,60,57,41,0,37,54,37,82,62,12,62,51,33,62,24,0
2021-09-01,23,8,0,13,59,72,32,18,76,19,39,29,27,45,75,52,0,59,29,55,48,23,0,62,30,28,41,34,6,57,3,57,12,50,53,48,30,42,47,23,39,54,21,1,28,38,39,47,52,58,59,44,0,41,49,35,77,55,12,70,42,32,59,26,0
2021-10-01,16,10,0,14,52,70,33,16,67,15,39,36,28,44,66,54,0,55,29,36,36,30,20,55,26,23,42,42,6,52,2,51,15,47,51,53,37,39,44,21,43,54,17,1,25,41,34,50,44,61,51,44,0,40,54,30,71,48,11,58,46,35,51,26,0
2021-11-01,22,10,0,14,55,72,32,16,68,17,54,33,19,62,60,54,0,58,25,41,39,23,0,50,0,16,46,21,9,51,4,52,20,47,54,53,31,42,44,32,41,51,24,3,23,40,32,44,37,59,58,43,61,43,55,30,73,52,10,61,43,35,50,31,0
2021-12-01,0,11,0,16,52,65,31,16,77,20,44,49,28,60,85,74,0,68,25,54,34,11,16,80,32,28,32,29,8,46,4,59,29,62,56,52,67,42,55,28,56,62,19,3,21,49,36,55,38,67,67,60,0,62,75,32,68,54,13,82,53,43,69,50,0
2022-01-01,43,16,0,16,57,75,32,19,89,23,58,34,36,72,100,63,0,70,27,58,48,15,28,100,41,57,37,0,14,66,7,54,27,79,64,65,64,55,67,62,58,63,40,1,24,53,52,63,50,76,64,50,55,52,72,35,92,65,15,81,69,54,86,58,0
2022-02-01,36,12,0,14,56,64,31,19,96,15,34,31,23,67,63,57,30,60,27,46,44,24,20,55,43,39,42,26,7,70,3,43,14,65,50,55,48,40,51,47,45,49,21,1,19,43,34,54,58,67,53,42,55,43,59,28,71,49,10,58,51,25,68,39,0
2022-03-01,28,12,0,16,57,75,37,22,95,16,37,32,27,50,58,60,25,60,29,48,54,48,37,52,23,28,59,31,7,59,2,51,13,58,53,61,43,42,51,54,42,41,20,1,27,42,33,51,47,59,52,37,48,44,56,25,75,52,11,53,46,30,64,32,16
2022-04-01,16,11,0,16,83,84,41,22,91,14,41,27,26,60,70,54,0,59,28,47,58,50,35,64,31,28,67,27,8,57,4,45,19,69,62,53,36,43,56,38,40,45,15,1,25,44,32,50,46,58,50,42,33,48,60,29,93,58,10,54,50,38,69,28,28
2022-05-01,22,13,0,16,94,80,51,21,84,15,45,30,21,50,79,64,0,60,28,45,49,52,18,63,22,21,63,34,8,53,6,48,18,71,54,60,37,44,45,50,42,46,21,1,17,41,34,53,60,58,57,39,0,46,58,25,85,60,13,55,52,37,65,28,52
2022-06-01,30,15,0,18,73,78,44,21,83,16,38,33,26,65,78,65,35,60,28,46,51,37,20,56,23,22,65,35,7,55,6,49,18,82,58,60,38,44,52,54,41,47,17,1,13,45,36,55,50,66,64,46,36,50,61,25,92,54,12,55,54,39,71,29,0
2022-07-01,35,38,0,26,53,71,40,23,91,16,56,40,28,68,84,58,31,67,31,64,41,22,100,74,24,28,100,21,7,55,4,68,22,82,55,67,45,50,59,48,45,59,20,1,9,47,41,68,69,74,60,58,42,70,71,27,85,56,11,70,50,45,79,29,30
2022-08-01,25,22,0,19,67,74,41,22,79,12,40,38,25,55,72,60,26,59,27,50,57,34,37,57,19,35,62,33,6,52,3,65,17,73,50,61,41,42,52,37,37,45,14,1,10,42,37,57,46,56,51,50,53,52,53,28,86,53,10,56,52,31,65,27,0
2022-09-01,23,19,0,17,60,88,46,21,75,12,48,37,22,83,76,58,0,57,29,38,49,29,41,56,18,23,58,22,5,51,3,63,16,69,53,56,41,41,53,44,35,43,16,1,8,41,33,51,49,56,54,45,96,53,49,21,88,48,10,55,46,39,66,25,32
2022-10-01,25,15,0,16,59,85,43,26,73,13,36,29,22,41,69,59,0,54,32,46,45,48,43,59,23,18,59,24,4,53,3,59,16,65,100,62,40,44,45,37,35,41,15,1,7,46,32,54,39,57,51,46,37,55,54,22,100,50,13,53,56,38,55,26,32
2022-11-01,24,16,0,16,57,67,37,28,71,15,39,31,16,32,60,51,24,55,30,50,39,69,36,56,32,25,47,20,6,50,5,48,15,56,60,71,38,45,41,27,31,36,21,1,5,40,27,55,54,84,52,44,37,59,55,20,76,47,18,46,57,33,49,40,35
2022-12-01,36,20,0,17,46,69,31,19,83,17,39,56,18,75,73,66,36,62,27,55,33,9,38,65,30,34,46,28,5,50,4,49,30,65,66,66,59,42,55,22,41,49,16,1,4,42,34,68,54,93,62,66,0,86,74,21,75,43,14,64,64,65,66,62,28
2023-01-01,49,27,0,20,54,74,34,21,89,16,33,41,23,80,69,66,46,74,31,73,45,18,48,77,42,51,38,40,6,55,4,52,28,81,72,63,53,53,67,20,51,59,27,1,6,50,58,71,58,72,63,69,68,100,70,30,84,53,14,62,72,54,86,63,51
2023-02-01,42,22,0,19,52,61,38,26,86,12,31,36,19,70,69,44,0,62,29,60,43,32,45,62,26,36,40,27,5,53,4,45,18,81,59,58,41,41,62,18,38,47,16,1,3,48,42,61,51,73,54,47,60,65,62,25,68,42,11,56,63,42,67,45,36
2023-03-01,54,26,0,23,64,75,47,23,89,13,41,37,22,57,56,51,27,65,33,50,60,45,49,59,23,26,70,49,5,58,4,51,15,73,54,56,44,41,55,12,41,48,21,1,6,48,41,58,46,59,50,42,83,48,51,18,80,50,10,58,71,37,68,34,32
2023-04-01,83,26,0,22,76,67,46,27,89,11,36,33,18,52,58,49,0,61,34,60,56,47,54,72,18,21,84,36,6,51,5,46,22,73,58,64,44,45,52,6,46,46,19,1,4,47,37,59,46,62,56,42,52,54,49,20,76,50,10,56,66,46,63,26,18
2023-05-01,76,22,0,19,89,76,55,26,83,14,44,37,18,53,57,54,27,65,30,57,47,43,31,64,13,19,60,23,6,58,4,50,16,82,64,59,45,44,56,8,45,50,19,2,5,49,40,58,56,56,58,42,54,50,44,22,84,53,11,66,82,46,64,26,36
2023-06-01,67,17,0,17,66,79,47,26,82,14,45,38,14,52,66,59,29,61,31,56,44,42,48,59,19,29,49,35,7,54,4,63,15,85,57,62,52,43,54,0,44,46,15,1,4,50,35,55,55,57,50,47,0,50,42,15,87,51,13,58,73,42,65,26,28
2023-07-01,57,21,0,17,54,76,40,24,90,13,37,47,19,74,75,53,70,66,34,56,39,27,45,82,32,30,48,33,6,59,3,56,17,93,58,73,46,44,60,12,54,57,20,1,3,54,41,70,63,91,68,65,44,80,52,21,83,54,12,64,81,53,77,27,0
2023-08-01,60,30,0,17,57,78,44,24,84,13,39,35,14,45,63,57,42,59,30,48,40,32,55,63,22,26,50,43,4,54,3,65,13,78,59,61,58,40,53,7,46,44,14,1,3,42,40,71,43,68,59,52,43,60,39,17,83,45,12,55,64,42,65,27,43
2023-09-01,73,20,0,16,54,84,48,25,80,13,48,37,15,46,57,52,0,61,34,47,40,72,42,60,18,24,47,31,5,57,3,51,16,64,70,56,49,40,55,7,46,44,14,2,3,45,37,68,48,67,62,59,0,61,36,16,85,48,12,55,72,51,66,29,41
2023-10-01,47,30,0,16,57,80,49,27,80,12,39,34,15,54,56,52,0,61,32,48,38,97,38,63,20,13,44,26,5,51,3,47,16,68,75,59,43,41,51,7,45,42,11,1,3,46,37,54,61,65,54,53,36,54,33,17,84,49,12,53,66,43,60,29,22
2023-11-01,43,27,0,15,57,80,54,28,74,13,42,40,12,38,52,50,41,57,33,50,37,100,42,64,27,32,53,46,6,55,4,51,17,68,71,59,43,40,53,5,44,43,15,1,3,46,32,51,53,69,51,56,0,55,32,16,88,46,12,55,70,47,66,36,46
2023-12-01,83,34,0,18,52,69,44,34,90,13,38,73,10,87,74,66,41,65,35,57,35,25,48,72,28,36,42,40,7,55,6,59,24,76,71,68,70,46,60,0,57,52,19,1,2,46,35,75,70,100,74,74,0,86,40,16,78,47,15,68,82,63,79,84,38
2024-01-01,90,29,0,19,55,68,35,35,85,14,37,49,15,87,56,56,55,68,35,65,46,23,49,85,28,49,38,100,8,54,6,58,33,88,84,64,49,50,68,0,60,53,22,1,2,52,50,62,82,57,79,100,0,96,34,18,73,48,16,63,83,55,91,84,57
2024-02-01,95,23,1,19,52,63,45,37,74,12,30,37,12,44,43,47,0,55,28,50,40,47,46,68,31,37,41,63,10,53,9,44,19,71,58,49,39,38,56,0,49,48,13,1,2,51,36,53,70,53,100,62,48,55,25,15,72,40,18,55,69,49,72,39,35
2024-03-01,49,16,1,15,60,74,51,33,79,11,33,35,9,52,49,62,44,53,29,45,44,42,51,75,24,29,39,43,10,63,8,47,16,78,66,54,39,39,52,0,47,42,12,1,2,50,32,46,56,48,57,47,0,40,24,13,76,39,14,49,62,53,65,32,29
2024-04-01,44,12,1,15,76,72,50,28,79,10,37,31,7,61,47,46,30,53,27,45,46,36,37,85,30,32,40,38,9,58,7,50,15,68,60,56,25,35,50,0,45,40,16,1,3,59,32,49,62,50,55,46,0,39,21,14,88,49,13,53,63,46,62,26,28
2024-05-01,46,14,1,15,70,74,49,29,72,10,40,34,13,42,49,53,50,50,30,40,45,42,31,70,21,32,48,69,10,57,6,46,21,83,59,58,37,33,54,8,43,44,16,1,2,51,31,46,71,46,54,48,0,42,21,14,86,45,16,51,61,44,66,24,0
2024-06-01,56,16,1,14,57,71,50,32,67,11,24,36,11,38,49,51,0,50,28,46,40,42,36,65,22,21,49,36,12,51,8,47,19,78,60,65,41,33,49,10,41,46,13,2,2,50,28,44,52,48,56,52,0,45,20,9,86,42,19,55,62,56,63,27,0
2024-07-01,100,27,2,24,48,74,71,32,71,13,44,43,16,47,63,52,39,58,30,64,34,37,51,84,33,36,54,61,29,56,32,70,20,98,59,67,36,35,56,0,55,55,14,1,2,55,35,65,92,69,80,69,52,59,21,11,82,43,22,74,89,59,74,30,33
2024-08-01,62,39,7,22,50,73,78,42,66,11,34,34,11,34,53,49,54,52,27,56,37,56,56,70,16,21,52,35,45,52,39,58,17,77,56,53,21,34,51,0,49,49,18,2,2,49,28,49,86,47,66,49,59,43,18,10,81,40,22,57,73,42,66,25,35
2024-09-01,24,15,2,14,49,74,52,28,68,12,30,42,10,72,58,53,0,49,25,43,34,49,46,69,25,23,38,36,26,58,23,45,20,70,61,50,15,33,49,0,43,45,14,2,2,48,26,47,69,48,50,52,0,45,16,11,82,36,13,50,65,52,58,24,30
2024-10-01,42,13,2,14,52,76,64,43,64,11,32,41,9,42,63,51,0,47,24,42,41,47,32,77,16,28,37,34,21,51,24,46,16,66,63,49,18,32,51,0,39,40,16,2,2,52,23,46,44,53,44,59,0,54,15,8,85,36,26,53,67,40,59,24,43
2024-11-01,46,15,2,14,52,71,96,82,63,11,38,51,9,45,47,52,0,44,25,41,39,50,41,72,24,23,53,38,30,52,37,55,18,67,66,54,21,35,53,0,42,40,13,2,1,51,19,47,70,45,46,46,0,50,14,9,84,40,79,60,76,44,62,28,43
2024-12-01,67,14,3,15,42,71,46,33,72,14,23,74,12,60,57,58,0,49,24,45,32,20,34,83,33,28,30,36,40,51,42,52,27,81,77,58,18,38,58,0,50,51,13,1,1,52,21,60,61,52,50,54,0,61,15,13,82,36,23,62,73,52,72,55,44
2025-01-01,62,15,2,17,51,79,47,40,78,15,36,60,18,63,72,54,42,54,32,57,40,10,37,93,48,44,42,40,41,60,35,56,29,87,70,66,19,40,66,0,55,54,21,1,0,58,32,61,100,49,49,54,0,68,16,15,83,40,30,65,100,57,84,70,44
2025-02-01,49,11,2,13,52,68,48,37,71,17,29,45,17,55,45,49,44,48,25,40,51,22,34,76,20,23,35,33,27,58,25,53,19,70,62,56,14,34,59,0,42,42,12,1,1,56,22,62,60,41,40,41,0,44,10,8,80,33,28,50,81,37,65,33,0
2025-03-01,42,14,4,14,50,72,66,100,81,11,37,59,13,56,45,52,83,46,23,41,53,45,46,64,21,24,68,41,30,59,35,61,17,77,60,58,13,31,53,0,41,40,11,2,2,48,19,69,63,45,38,44,45,48,9,7,79,37,100,50,75,36,66,25,27
2025-04-01,49,20,9,17,60,76,46,38,74,11,34,55,14,43,38,51,0,44,25,37,50,39,38,86,18,24,57,26,36,59,44,51,19,72,58,53,13,31,54,0,38,38,8,1,1,55,17,49,53,42,39,45,0,39,10,8,77,41,21,48,67,46,61,21,39
2025-05-01,95,43,32,25,65,76,57,55,69,12,31,74,12,45,48,53,56,44,22,39,47,41,39,79,19,28,63,38,61,57,100,55,21,87,65,58,10,33,58,0,39,40,10,2,2,54,16,58,65,42,46,43,0,38,9,8,80,37,55,53,71,36,70,20,34
2025-06-01,39,29,24,19,53,75,56,62,68,16,25,100,11,39,49,55,47,41,22,31,47,54,19,85,0,23,59,37,39,59,65,49,27,76,65,60,9,30,53,0,39,36,7,2,1,64,16,50,71,47,40,52,46,46,7,9,85,38,54,44,69,48,58,24,70
2025-07-01,46,60,61,26,44,91,66,48,78,14,26,76,15,51,44,59,0,47,29,32,39,40,44,95,22,36,43,52,46,60,89,59,20,96,61,64,7,30,62,0,49,44,11,1,2,100,21,53,51,44,29,59,0,58,9,9,100,37,36,54,82,45,67,27,57
2025-08-01,33,50,50,21,45,83,60,36,75,11,26,64,12,39,42,52,0,35,20,28,41,35,29,62,0,29,36,58,35,56,70,50,23,81,61,57,10,32,60,0,39,37,9,1,1,61,17,49,45,37,34,44,49,39,8,6,88,36,26,46,60,44,58,19,29
2025-09-01,24,58,52,23,46,80,66,34,67,10,25,66,13,44,46,45,37,37,24,28,38,34,24,65,0,26,33,25,30,54,65,49,21,74,63,50,7,30,53,0,41,35,9,1,1,60,18,49,52,40,28,45,0,41,6,5,89,35,21,46,59,41,59,20,30
2025-10-01,37,57,60,24,47,86,67,63,66,10,27,63,12,33,37,46,0,37,25,26,44,43,21,70,21,22,36,44,35,54,65,56,15,72,65,55,5,29,54,0,37,36,7,1,1,66,17,47,43,35,25,43,0,42,6,8,91,38,65,44,62,39,61,23,0
2025-11-01,32,78,100,29,49,85,55,35,74,16,44,70,7,56,44,61,100,42,25,31,35,34,27,64,29,28,27,35,32,61,71,52,21,82,64,59,5,28,60,0,40,36,9,1,1,55,16,55,53,35,28,45,51,43,6,9,84,38,20,42,69,36,61,31,52
2025-12-01,62,74,85,36,45,75,90,83,76,22,29,98,12,96,45,61,78,41,27,29,40,21,26,70,35,41,18,30,31,59,66,49,33,91,65,66,6,34,64,0,41,41,8,1,2,55,16,59,57,44,28,66,0,82,7,9,80,35,30,48,69,60,76,55,51
2026-01-01,47,46,52,27,45,85,61,56,81,16,18,70,14,80,39,60,86,48,24,35,37,17,28,65,38,54,18,32,26,62,55,47,21,100,85,73,10,40,72,0,45,44,15,0,1,60,25,69,66,46,32,62,0,78,6,7,74,37,23,49,76,44,84,57,68
2026-02-01,37,35,40,22,45,62,59,67,75,15,20,59,14,90,41,43,69,37,20,28,35,17,25,54,38,31,21,19,19,60,37,57,15,79,66,53,7,35,63,0,43,36,11,0,0,58,20,59,54,41,27,38,52,50,5,0,76,30,29,42,62,30,73,26,46
2026-03-01,33,31,33,21,46,74,57,69,76,16,30,58,9,48,39,50,71,36,21,21,37,25,25,57,31,26,29,23,16,62,35,61,16,79,68,62,0,34,61,0,38,37,9,1,1,57,17,72,49,42,25,41,48,41,5,4,83,35,35,36,66,35,65,23,40
2026-04-01,30,33,30,33,58,71,65,68,73,26,25,61,9,67,35,48,75,37,22,26,32,25,30,58,23,34,33,29,21,63,36,62,14,88,71,60,6,35,63,0,31,37,6,1,1,59,17,64,48,35,28,40,65,37,4,4,81,36,28,40,61,35,72,18,33
2026-05-01,31,30,33,24,59,71,53,61,70,26,26,73,10,66,39,56,64,34,20,30,31,35,16,52,23,24,26,49,18,62,36,57,17,90,64,64,5,34,59,0,30,33,10,0,1,55,14,59,50,46,24,50,0,36,4,5,79,79,35,37,55,47,67,22,51
2026-06-01,42,26,20,36,42,74,53,77,69,16,22,70,6,72,36,50,73,33,19,20,26,39,23,48,28,24,24,37,16,59,26,56,16,87,64,74,5,30,54,0,28,28,12,1,1,59,14,70,46,53,20,47,58,37,5,4,67,66,50,34,62,45,72,21,63
2026-07-01,58,64,29,91,40,80,62,69,72,18,23,77,9,96,34,51,77,37,23,25,25,19,21,61,31,37,22,38,20,59,38,65,20,92,70,62,0,33,64,0,39,39,13,1,0,72,16,74,59,50,22,43,56,48,4,5,84,35,51,39,82,43,77,26,58
2026-08-01,45,70,25,79,43,85,100,77,75,17,29,76,10,89,39,54,59,36,24,27,29,57,23,55,32,30,22,46,19,65,35,59,21,94,68,62,0,36,66,0,34,36,15,1,1,64,15,78,47,31,27,41,73,41,7,0,83,35,59,40,62,44,81,22,100
