date,ipc_indice_general,ipc_alimentos_y_bebidas_no_alcoholicas,ipc_bebidas_alcoholicas_y_tabaco,ipc_prendas_de_vestir_y_calzado,ipc_vivienda_y_servicios_basicos,ipc_muebles_bienes_y_servicios_domesticos,ipc_salud,ipc_transporte,ipc_comunicaciones,ipc_recreacion_y_cultura,ipc_educacion,ipc_alimentos_y_bebidas_consumidos_fuera_del_hogar,ipc_bienes_y_servicios_diversos
2008-03-01,63.84249540635247,56.615130400317234,49.09348485636558,74.08256820512541,68.69218294088239,59.93342562586694,56.796616174586774,74.41941595743954,100.33674756993906,84.95979607236642,68.23551441160875,56.9004086024614,67.84108468556778
2008-04-01,64.31386174011178,57.078112597595116,49.831134221812135,74.45201205637312,69.46871811414637,60.79948752652296,57.28530166910475,74.42560713520346,100.31573188170876,85.13868990010566,68.02820155320454,57.65513911129155,68.40242073964366
2008-05-01,65.51635540372455,59.898041928017726,51.193838191421825,74.9516466481109,69.81773248102402,61.318870679218904,57.825193851581446,74.3403572326361,100.17313158636989,84.59507465366885,67.89619654911213,58.64636469349121,69.15105880785998
2008-06-01,66.3416154319758,61.26932055060347,51.62428646517942,75.4124273607822,70.19113091050157,62.04138673419897,58.1273518906415,74.42793390534277,100.03781972525223,85.00453368110904,67.98907092607489,59.698707144453465,70.31926271043697
2008-07-01,66.6455047749664,61.246696113165406,52.59069759995774,75.96082136142958,70.23174910192779,62.781696479919376,58.624709923230505,74.70247204627888,99.39015976345009,85.02836431420423,68.06953003860467,60.6297661303815,71.19585822505621
2008-08-01,67.08099401348709,61.760375292009954,52.87316831524453,76.38431330666221,70.17867649277845,63.76568282003989,58.679243892087,74.58788367973408,98.53670468043106,85.05348114066247,68.39857870220543,61.60861492840202,72.05137222940407
2008-09-01,67.6719498358875,62.737005096900745,53.073189728917406,76.5425320549781,70.02762612104968,64.4187109585093,58.65008286313677,74.71951614140374,98.4999176702019,85.19134835285914,68.3881563416461,62.91914034750985,72.52217957415377
2008-10-01,67.79205535566878,62.44946295611067,53.90459242266151,76.73022307519749,70.0984893413344,64.86581784770853,59.59829606630998,74.6879444029391,98.5072871091213,85.07420651652632,68.37255896630002,63.73817346478978,72.9672021229622
2008-11-01,67.88134288450426,62.02905556802893,54.91105925684161,76.80143604265643,70.31347918788474,65.72356564167144,60.13703217231208,75.19430678517392,98.13586835915794,85.23169549509556,68.40025287846834,64.10443779199922,73.2081162259639
2008-12-01,68.17146707525431,62.2718574857181,55.475134871200375,77.34479048206948,70.54075431257048,66.17016374472627,60.72674282594154,75.53760190613772,97.7531646190338,85.45662687975896,68.41619650492741,64.54243400350168,73.3382893308886
2009-01-01,68.41674020466469,62.506066485824434,55.995192289120986,77.58636902489418,70.64171684840657,65.91861793317638,60.67910051941604,75.53108348997014,97.88048199704868,85.69452154026645,70.61358344515472,64.87638291183674,73.50532001979037
2009-02-01,68.36780335106735,61.93937743076547,56.57824210743725,77.60928292618843,70.75688771385947,66.08099204267482,61.13414633244802,75.50150972902948,97.86026323923747,85.9258864275176,71.4386833182731,65.17131536775938,73.7320588422946
2009-03-01,68.03290573979825,60.768061862779845,57.795881120589264,77.36739403355995,70.93754330505415,65.79862502126201,61.33994082322351,75.3193187171421,97.76530675759467,85.76658333967198,72.21139085100174,65.42819403313885,73.85639908411103
2009-04-01,67.73790696583346,59.729633936398834,58.11191631600568,77.40968805341335,71.11410095591886,65.86293554763861,61.54085435426664,75.52691939807875,97.73175291149788,85.43215404108426,72.24095554048507,65.47753941255061,73.88024901592978
2009-05-01,67.61296240051774,59.34048063469601,58.18096851748307,77.5652222724799,71.24562175719541,65.90541085846645,61.45503470254955,75.29859108000811,97.70898180097741,85.41460413676825,72.240275158905,65.50046345478594,73.90930951313324
2009-06-01,67.74649335124187,59.78061423800949,58.03161710165621,77.543981330575,71.2869066844068,65.70298655709213,61.597911850065486,75.25643928554418,97.60908222950268,85.14159653360858,72.22735721800461,65.66759294957019,73.80173202515566
2009-07-01,67.61006461106071,59.152540903555526,58.18815045864381,77.61396148188193,71.39434971081094,65.85593723258977,61.71069978516641,75.39494018933932,97.53998070884548,85.1434711775841,72.31209446951122,65.8134729579037,73.88389150759814
2009-08-01,68.03194767734574,60.27538417819774,58.0756792695855,77.5715943459965,71.57923272774059,66.07069042113739,61.83414669677907,75.26554725413659,97.45437542363676,85.31019018713702,72.26649743919262,65.91451073711094,74.07948370853566
2009-09-01,68.10775681528436,60.46284733947614,58.20895387534048,77.47583263614743,71.79917969337502,65.9073570884952,61.880622784317424,75.12261615108726,97.45989924158751,85.31343753628757,72.25814012708767,66.06111738013576,74.0796324394816
2009-10-01,68.32422384124266,60.92353176103027,58.27932826248844,77.69654158275127,71.84416326645183,66.02755796968647,62.03174272657962,75.22216877648299,97.32294092943532,85.04629057861159,72.21906664620528,66.35637554830606,74.09006550599346
2009-11-01,68.19197915352783,60.3005928372306,58.384641312563474,77.68152326166629,71.9705032323457,66.37640396263573,62.112449555688315,75.25488652499114,97.32317573997601,84.99426429645368,72.2063684201383,66.49743725043405,74.30681440220228
2009-12-01,68.351373774104,60.35547481592653,58.55115023568891,77.92977234166112,71.99540874685114,66.97905193905409,62.125572061079076,75.62778467285858,97.44071373100144,85.2320413492056,72.2282514437989,66.61808230003416,74.51816384408818
2010-01-01,68.4676913240648,60.41488915685342,58.94994135864017,78.01809400134408,72.14157632775392,67.38050222445997,62.36493000277755,75.57136866126086,97.27572061433368,85.09012726452492,72.51243282804278,66.85914901970824,74.65361290530781
2010-02-01,68.58137121560291,60.55852006034847,59.33836904002029,77.93258545912428,72.3612383450404,67.54698368235441,62.574818139825275,75.64066769451654,97.25918412899698,85.2069285316741,72.35461084614951,66.97582949102672,74.74293760621143
2010-03-01,68.49927787583175,60.218232527967565,59.36102868891119,77.77900147924859,72.34443153762973,67.53594908734001,62.636130194522394,75.37499297161328,97.29410669712169,85.47646677934176,72.38982113326539,67.232845035059,74.99692212409045
2010-04-01,68.56131134826981,60.271463524483615,59.41009394227946,77.84877926457943,72.52308174245069,67.74289093102337,62.74103652716433,75.00181070147067,97.21845593990743,85.58825761004441,72.38032530582328,67.38129567095515,75.28978679546252
2010-05-01,68.54920334129136,59.93551798870553,59.51583878151745,78.02645657298817,72.90124494261441,67.98163969110645,62.86970982812785,74.84754230438018,97.07134934962593,85.74518737640754,72.53783050745014,67.5956206862423,75.38506013681902
2010-06-01,68.64661327998587,59.99322609919445,61.340855306098604,78.12483956157486,72.84617717273564,68.26913508055551,62.914736499304034,74.89951075547881,97.08931516441959,85.61657142228486,72.62222230717606,67.8296278923195,75.4071634057347
2010-07-01,69.07108583126312,60.778182020607005,61.828263034302466,78.40809658836827,72.99001203179894,69.07108935475954,63.02797228381931,75.28724404062514,95.71851884809831,86.31787879061422,72.6697352649678,67.9489623853822,75.5767315745882
2010-08-01,69.8009536095051,62.41349604286658,61.8496043931184,78.79382043089487,73.36665586054362,69.22829144029937,63.24382727386043,75.11301275955455,95.89543985101182,87.68070433309462,72.81087577833247,68.32593287529639,75.75582741035235
2010-09-01,70.33547908988896,63.388331652277216,62.19366288937433,79.14872416302029,73.77253220397647,69.55661558683019,63.43875744538146,75.02864810673454,95.90178608682841,88.10391632503925,72.75772675609973,69.05186728517137,75.97033232076402
2010-10-01,71.19638081990996,65.11337586456888,62.24674280414843,79.68302697245585,74.15880623273334,69.79688835364212,63.52591334707903,75.36694074672414,95.96825279955999,88.12103827441013,72.76513849642721,70.07954009850413,76.40509148084698
2010-11-01,71.98980309826207,66.47753917630796,62.29638870154878,80.12887377462539,74.60815230862327,70.00966074731099,63.51411411646181,75.98274587507424,96.0758584959059,88.20179857029557,72.74144460181836,71.36398676697254,76.67980761953527
2010-12-01,73.26026672263217,67.37161668178507,62.55962023941355,80.80050675580944,74.66290735928408,71.00643452788185,63.8415492396315,82.15761614750632,94.36056534029382,88.58980833166434,72.79464831300028,72.96964919335174,77.19881234783533
2011-01-01,74.2072548085729,68.87003648290458,67.37996931029588,81.77176071393534,74.98425303837494,71.73085835287556,64.60901114092331,78.5268881310965,95.30286299484176,88.84111717608495,75.62503480071938,75.91056085462712,78.09264053654266
2011-02-01,75.43905951908626,70.8694354902985,68.6693871327334,82.74160658194359,75.34379915965008,72.16196587188139,65.51341324094336,79.81722483913458,94.6842160320724,88.96287576777263,76.1754994035222,77.17847694425672,79.62072651225404
2011-03-01,76.1088180326091,71.36730706945941,69.27045173748948,83.09759931673858,75.6562910272706,72.56614817685508,66.37784521173336,82.68113444801389,94.74374320826587,89.52309985886463,76.24723639346561,77.47443984872757,80.28056337665033
2011-04-01,76.12549450787677,70.68686522203865,69.41101723336874,83.45950113371379,76.13025480206106,72.77387372987991,66.95757383964441,83.10640037099111,94.73042404589219,89.6437482539519,76.27343950106214,77.7946981041787,81.07784238535531
2011-05-01,76.27749455945758,70.58553386904812,69.54011122333243,83.70310779242664,76.50100417209823,73.54886210400534,67.30353571277736,83.07476622852134,94.92079189289062,89.58248115657426,76.32085830088592,78.05713388491885,81.6092569696128
2011-06-01,76.38701901888957,70.17454384716565,69.65720673794061,83.97976502193549,76.9168566665141,74.65576123039114,67.81022020445548,83.32323048389269,94.81263752608947,90.01263577588928,76.35162528678663,78.1854663545456,82.16545572749943
2011-07-01,76.79336540232647,70.66208285322006,70.07920412618635,84.4603589785105,77.66958068271855,75.41278582587482,68.27282012465587,83.64004082080041,94.50149823081722,90.07418308045018,76.65637877312082,78.28324733493726,82.48256702345108
2011-08-01,77.08459992993556,70.8352843109274,70.76622426814963,84.76068054550018,78.0783245212499,76.64053490606851,68.78308885679948,83.60394895728098,94.43552217060092,90.12444657070782,76.91850072203822,78.6487601919659,82.65518675947833
2011-09-01,77.3192211819596,71.12021792290709,70.84117818636578,85.11291418114108,78.33426563998327,76.86343360444256,69.47089668546022,83.61237323315069,94.37883848049711,90.23601475557625,76.96852137612166,78.86050696440802,83.05712892477655
2011-10-01,77.68507452349722,71.88252508686686,71.11726534099486,85.29570101132924,78.65403304553664,77.3061998933463,69.67367624848457,83.55797788411293,94.30335309971159,90.28758154989744,77.01088921487687,78.9938826268389,83.32502914491967
2011-11-01,77.93588528126573,71.96561301285911,75.11771976145793,85.60520604532039,78.99766990427504,77.54644784568693,69.83309394422626,83.60141932881463,94.11635487482373,90.55819118006863,77.05791837910678,79.50942867869574,83.67182858512359
2011-12-01,78.3178199572589,72.00727018748034,76.01191217092206,86.26117582490829,79.34260193231283,78.21088656736684,70.25169021986189,84.78987202522869,94.1538497341973,90.98532738640861,77.0662308761602,79.8636918301646,84.36643701284392
2012-01-01,78.5533442568359,71.73268357600155,76.59025444424798,86.83419898615816,79.36612130400039,79.01724754864244,71.00627677535422,85.03260399076845,94.09086244323316,91.2141685030078,79.27734445656515,80.23691544304234,84.92311331772237
2012-02-01,78.94187319305301,72.12156265334342,76.96686878436537,87.17366890933673,79.71006583341082,79.35037256097742,71.74171196347767,85.01013025679723,94.04135943080793,91.45675937338406,81.4385590784544,80.47837934706129,85.4140628249596
2012-03-01,79.17300219695213,72.60718419730279,77.09985260944596,87.31085742270443,79.83400307954645,79.51898654365499,72.31913303881518,84.90550503799082,94.0492761231956,91.44960540323248,81.49380407059559,80.56711565743416,85.69828897036574
2012-04-01,79.2965427108218,72.51851376579609,77.2337664848285,87.59657427716205,80.29259549107465,79.82762713052293,72.60155665066759,85.00820596373309,93.92671776927206,91.3037882427607,81.5190322913044,80.91302289595092,85.8777277060149
2012-05-01,79.68550610685449,73.30699121253325,77.19054004256706,87.79146983826774,80.5215109650191,80.11976684214379,72.89084191903295,85.14630733777581,93.84304257069834,91.16902481116522,81.56426510572233,81.11702432462181,86.3659502176067
2012-06-01,79.85614638050042,73.23575860482333,77.37972310837256,88.03782378041996,80.85753935618746,80.86359941444545,73.6024105104325,85.40807135989417,93.84287890927524,91.55275633553836,81.53563455810345,81.30543244319846,86.46477081511989
2012-07-01,80.16212186330826,73.64752330925836,77.49442737719068,88.29858700759054,81.03536650508615,81.25777972556754,74.08802429563224,85.99378054502992,93.80162118747666,92.14105148357118,81.59595405599653,81.35859192852544,86.51628370555291
2012-08-01,80.44595330913069,74.27843192157883,77.52118755215423,88.40924177476045,81.22903446339903,81.27854146999809,74.59490956985844,85.935414733405,93.67639595990511,92.30001203401106,81.76521434893677,81.46854610855814,86.73773903774696
2012-09-01,80.74569844254007,74.55533336448042,78.34639100164398,88.42041386965663,81.9883031404341,81.98394762199497,75.22010618752579,85.9596150401446,93.82941666463917,92.41639272648587,81.79373087307034,81.68266482048536,86.96553847089137
2012-10-01,81.05390745210434,74.78211656155081,81.82030468880423,88.61402361880864,82.41433466178611,82.450508105217,75.44826702954757,85.92808281819228,93.92915663170469,92.51568306137169,81.82496326637562,82.2283430033547,87.33246508084265
2012-11-01,81.43859838981996,75.55343161982954,82.31285895912137,88.86722378100535,82.81637534456459,82.64064245346563,75.71922752760673,86.21786689338578,94.14754953332367,92.58750808790222,81.82818819779456,82.34017031008803,87.30643338072575
2012-12-01,81.8735368430837,76.0370976919967,82.47162232404695,89.36869261600422,83.0049512247863,83.33400057574137,76.09612204328567,86.82787352562522,94.1605681957257,93.02744062088027,81.82633863257888,82.71764898995607,87.88660156060753
2013-01-01,82.4178295436762,76.83501704452897,82.55728018031157,89.55469185906152,83.35751129051938,83.41791749105606,76.84375231438979,86.97258718785997,94.31168762421727,92.87810667200259,84.26372677865652,83.12251479529455,88.54898398346697
2013-02-01,82.95285497366862,77.83432131268091,82.776430742754,89.78659071038882,83.43224353864942,83.62874387768025,77.86910499553812,87.13550080396313,94.25042372977627,93.08345172127126,85.39490129775156,83.47577583272813,88.88628590871257
2013-03-01,83.16094090120038,77.85598779202188,83.40702397528447,90.13594273482323,83.81486470950388,83.96040970277527,78.32324534639629,87.57569055180234,94.27797189992802,93.09016748258688,85.37469463134336,83.79779251021357,89.1022656127361
2013-04-01,83.2193872076762,77.01681760814294,83.7047452219787,90.15200474866269,84.11568849920951,85.21520697198348,79.03331620902176,88.82178889569275,94.1953175176849,93.10476179179798,85.38174451823335,84.196165645564,89.3446290848305
2013-05-01,83.44574444454139,77.06736387722665,83.75191403664671,90.3609950431584,84.12011317819915,85.33015665924039,79.67357104405234,89.9107415234412,94.15837498908559,93.1423606375978,85.36109460295629,84.53860702124808,89.61056253702847
2013-06-01,83.70038091813245,77.31175146602433,84.69142023405368,90.6578177648596,84.38608549887715,85.56415161212114,80.3116156262492,89.84697093604646,94.08020950996233,93.10233273749328,85.37680837255274,85.14585945423569,89.82372851248492
2013-07-01,84.21230685940577,78.23099450199976,84.73546688629324,90.75466898535723,84.79583782000637,86.4132560792336,80.66540449430276,90.17986883941927,94.11163543351908,93.08485345196166,85.45833836173723,85.45162378635821,90.03670121181135
2013-08-01,85.33955159345328,81.28954318343445,85.03535176631935,90.84978112387249,84.91571306362016,86.22836810537527,81.16205722992697,90.16881869324209,94.14285864590482,93.21589262632155,85.51135169065519,86.05875315811193,90.12194868151045
2013-09-01,86.49990389675558,84.48674052356165,85.20327205842831,90.90878979349291,84.94876432350166,86.78706186125073,81.29817741366018,90.2202407700103,94.04965093165968,93.00928706237903,85.51525329730121,86.4527172762846,90.18233476876237
2013-10-01,87.13408768819644,85.73202211791966,85.153979033371,91.11698253904609,85.35339663088459,87.17040328586944,81.62230572725245,90.15985297871542,94.09564784378036,93.46405888352614,85.48856169512987,87.26197363127454,90.36537468043396
2013-11-01,87.10726387811685,85.00150608325997,85.16901706948681,91.10112617685695,86.04869903742106,87.33211865543963,82.11960172970282,90.29670297872016,94.02890669728895,93.74810887685416,85.49104919197387,87.87811336045827,90.55211228601503
2013-12-01,87.17868270987275,83.97334837779471,85.67144809994228,91.59215225562858,86.51879210008155,87.9455181415394,82.86047578135886,91.3840766829942,94.16147490652148,94.52210731437494,85.52132998327568,88.4461304416656,91.26762613127917
2014-01-01,87.40501423422036,83.55288301968893,85.78921964784773,91.84443842119087,87.19743137473287,88.05810769234706,83.54283363284183,91.66748972310765,94.07490418330575,95.01707687769667,88.31101874283783,89.05731236834902,91.43918544942413
2014-02-01,88.06691759767615,84.73407815555528,86.27566903637413,91.88576753109949,87.8531013706518,88.48255028533502,84.20604630059547,91.4442273510649,93.9277848988514,95.25232081271584,90.27910752096615,89.47757218604876,91.86591251642709
2014-03-01,88.25361370961139,84.62662484342788,86.46613765951476,92.05208157171029,88.32564077092712,88.70250290669877,84.61175971327836,92.31295494375328,94.42263919668845,95.04628266908176,90.27797874876597,89.69829474177195,92.17658869310527
2014-04-01,88.39573125449854,84.53412440940441,86.79930278081048,91.9978888861164,88.96988170775215,89.52648342811918,84.85181750676128,92.42901038255094,92.05258253057072,95.06635307225987,90.29883917309735,90.14472377837052,92.43079279278233
2014-05-01,88.76699840343899,85.16463006305533,86.82156175849296,92.20225208759663,89.37671481705941,90.25469065187293,85.32840513550742,92.43947621831943,91.83806496835074,95.08968439942717,90.36951795548376,90.3876394338892,92.63390632171948
2014-06-01,89.839439241381,87.71875956723011,86.86347163889957,92.33061226489941,89.61342032712527,91.28032971217532,85.70414689142645,92.48223908435898,91.94717473660977,95.22716756585204,90.43639967531458,91.04713827543404,92.7779664642726
2014-07-01,90.49939085394115,89.0052929525227,87.23387879769011,92.63620663209143,90.00085744895928,91.4372421362345,86.0253149069952,93.07367488037444,91.6783893102245,95.260146912082,90.43495311101167,91.58797102748176,93.20575627040975
2014-08-01,90.5572433399685,88.66324707994275,89.12855554994594,92.91870321726756,90.21691410348913,91.53249237138604,86.3480404952768,92.80561115083071,91.76178444676081,95.56345507987679,90.49329176718028,92.22264160568963,93.5285914978906
2014-09-01,90.21711921321847,87.24041516422898,89.67434082910951,92.97938159530858,90.46342483954957,91.96795628316094,86.75491884955316,92.81351438769141,93.07184603265924,95.56032559376018,90.51185842481809,92.41799927211099,93.52407456758519
2014-10-01,90.30464449741451,87.09706304403991,89.96547323339209,93.1308659934038,90.69540749221218,92.01048642440932,87.4753138664981,92.92229936101596,93.04079679146649,95.8571847044798,90.53763294707723,92.69959092746741,93.76499416707821
2014-11-01,90.94548207628819,88.7326044432674,90.16799763178577,93.29797969247045,90.88687721794997,92.32321787196472,87.5427286692177,92.9384863094604,92.94490625533861,96.1156134672179,90.55106232537601,92.85937970624613,93.96491290075413
2014-12-01,91.7069593823511,89.77228765167975,91.37276086792947,93.96063582677228,91.28550172402409,92.72547595395248,88.55575955267666,94.43833734897235,92.82966551956086,96.65402251164042,90.50587740257039,93.35403661580278,94.55594934600303
2015-01-01,92.59401414744504,91.50419273556972,92.8315946702711,94.17525084020788,91.56031087716005,93.05092565376692,89.9021287032458,94.23467093471473,92.92709249107865,96.76469048261086,92.19719601387536,94.22577427045677,94.95379408992467
2015-02-01,92.9044726806844,91.60109338172676,93.21459826766899,94.36657771404131,92.47333106547907,93.36648206485084,90.1765278483263,94.112214812119,92.95909295286945,96.76379627452188,93.6471927506749,94.7859649851602,95.24889220887015
2015-03-01,92.44964254581481,89.59288104757155,93.16530592172418,94.37577420420581,93.20647294085464,93.51905397568824,90.38969857244349,94.16123685364633,93.50020595415896,96.76199368766207,94.09184360204857,95.28529300833301,95.51298843276037
2015-04-01,92.0560837852145,88.24917597931929,93.1634664322635,94.21496583092588,93.10185171327198,93.61623457445623,90.89276861420507,94.3377080327418,93.33257330688704,96.7680638569417,94.19020963926104,95.44437486270739,95.64851152004574
2015-05-01,92.39261506515261,88.88471936045157,93.24645114874757,94.4426715030965,93.53200646425228,93.80130581305593,91.65624401246166,94.41014733690538,93.72221523022012,96.75531424910072,94.35170775120412,95.57049227020981,95.62744145092815
2015-06-01,92.70865517380801,89.36284784458738,93.21299340952878,94.52296653112253,94.06306387998647,94.25344480962545,92.37591118654713,94.51361859530613,93.68263618814719,96.70335846069818,94.35112421330275,95.89934839227546,95.58952097454751
2015-07-01,93.27064909367724,90.46170884507315,93.16704890276411,94.7376621778759,94.47189078136402,94.6239608174954,92.65562382518924,95.38837017338042,93.59281505864442,96.44238649440943,94.37998769037345,96.13441876290607,95.68712432688723
2015-08-01,93.45783344888162,90.87991368498571,93.17320219246173,94.60125618268363,94.74661458372246,94.90064923492957,92.70244850424778,94.9305719920655,93.8760587859504,96.43073840116281,94.54782057436066,96.40907047576472,95.7432521419697
2015-09-01,93.89671408689141,91.84661815342835,93.127319879279,94.445792980961,95.02129636960699,95.12813250588967,93.10406816944129,95.24704232174655,94.33679728099852,96.38423404848892,94.60310561633763,96.57893724157756,95.88638953638703
2015-10-01,94.20852296873746,92.43548006068083,92.83227246078215,94.49048168154992,95.42832340476615,95.26445035638984,93.25759725544286,95.39356228353414,94.47477698849261,96.47370569839046,94.66781121294503,96.89550484470722,95.83198631680037
2015-11-01,94.25874387238686,92.29274109954316,93.32621437082835,94.6894710887994,95.45783356242191,95.55144576007856,93.7025703898532,95.49069144275056,94.52733489864117,96.61045427442528,94.67596154603423,97.02861595428249,96.00321383181571
2015-12-01,94.41519991574668,91.75483419275095,94.20131456991533,95.17958368330413,95.66227901639182,95.8371805962621,94.00408616892524,96.71691536538704,94.55348578036353,97.20173679203835,94.62078011356428,97.58423701721058,96.43958592008985
2016-01-01,94.8035600379666,92.49646358671168,94.54213911170513,95.10087017857644,95.94766453543875,95.9279626274791,94.7769605612522,96.47844996021101,94.56522452436526,96.96508982974743,96.69685705751503,97.79609271058968,96.55943816597748
2016-02-01,95.3556753575214,93.42211065429994,94.31465011696106,95.10446667228484,96.0882848570843,96.19903312258825,95.1113167824579,96.94606872190155,95.0729228515611,96.73047145778301,98.51446872682615,98.2752000262049,96.86649317826144
2016-03-01,95.48319180766329,93.27799107728671,94.57248763437055,94.97603083550639,96.28756265784912,96.05353892596895,95.24215459049098,98.16956535573523,95.0694810891717,96.76212127463283,98.63939178927995,98.44511344990903,97.08884563949375
2016-04-01,95.85432248379568,94.09973550401389,94.63963017317056,94.98655653003726,96.7768730336049,95.79158354608715,95.65942588525111,98.39928533895686,95.5436643412801,96.58842143313433,98.67830992041151,98.63599105582603,97.15266708025035
2016-05-01,97.02618852752151,97.43136786739456,94.47041026590972,95.08231413108216,97.3665932999203,95.75067027842259,95.97977450143843,98.27495025863546,95.4045700414002,96.34200765325012,98.69251863550491,98.78166741582845,97.28429728165243
2016-06-01,96.561471918676,96.15835318347197,94.64979035780695,94.83836021974271,96.88933287315685,96.18984380526567,96.56489875831438,97.83915327975075,95.39338229660325,96.16218474726492,98.68704980604778,98.95202297745011,97.2202492979896
2016-07-01,96.59375665173404,95.65453950775392,94.4550501671387,94.81750309090478,97.31483829280582,96.78038911594955,96.64720290420085,98.7919079119521,95.31919515055962,95.9051803372462,98.87213031814666,99.07400816991715,97.35996865015781
2016-08-01,96.71609350383747,95.63149984063834,94.45684421025048,94.80552655195072,97.76853982284906,97.40097966641063,97.46485246059355,98.6256824517177,95.84271546336183,95.91161430648307,98.9091205520367,99.29644523581327,97.24968818719975
2016-09-01,97.1502594383499,96.69811592130914,94.3458902739488,94.79694720415009,98.36464349597264,97.79104954546365,97.5820046440669,98.39644425586226,95.84042567398028,96.0352406797056,98.94140093149103,99.38997895659968,97.19250173905635
2016-10-01,97.50673799730436,97.52731497776863,94.85256790492114,94.8044565586003,98.50314170827399,98.02760744077241,97.55294163804217,98.42888926467374,95.86187122191882,96.15692905027095,98.989469083863,99.59274861935985,97.31508296473258
2016-11-01,97.91190397007065,98.38986288297309,95.4873142317246,94.88764689062322,99.21327294428276,98.21292138131514,97.78708890536323,98.33048353632972,96.08441619576993,96.22004927411956,98.95404962120368,99.75996475018347,97.30616828864967
2016-12-01,98.19458310325858,98.08856102251161,96.25052061640122,95.32960851461466,99.4936356753636,98.54198811652073,98.20292889364873,100.28564010109582,96.12666892786837,96.60720569162098,99.00488278686241,100.12420497794128,97.67714656188116
2017-01-01,98.28962503230649,97.83653814949908,96.40727808250183,95.42304966045751,99.95248966737401,98.55729481842246,98.82520023394157,99.9897641529103,96.12314987676463,97.19992092661379,101.1467620993139,100.23458586366694,97.81721344958265
2017-02-01,98.65878497734286,98.69509435700962,96.45296384260276,95.47751254835141,100.29078041530914,98.40937169131236,99.16854929058866,99.36107981094946,96.43372296484571,97.40922949313995,102.8627091093186,100.35629066977187,97.97049657576522
2017-03-01,98.66916155051345,98.60997359040027,96.74384680847182,95.32627323597985,100.47560605535537,98.35276313292586,99.39664247041196,98.9362023140141,96.16813988198415,97.81836314572503,103.49040501367867,100.53033921717878,98.0161011664042
2017-04-01,98.25977745396793,96.95081846464672,96.7942120239977,95.42819707316293,100.98804846968757,99.02976392755676,99.63238700338151,99.12355578311008,96.05742577778445,97.96543224684201,103.50424436093927,100.56193513623126,98.01352786910353
2017-05-01,98.24316613975746,96.25142755023208,96.96467566875191,95.75688825595721,101.39853456720863,100.39204254783043,99.74484395489694,99.11196186702459,95.93468016607585,98.41164404787219,103.51103697179778,100.76573534900481,98.18316514274407
2017-06-01,98.3362202347051,96.27806762654751,97.79791181813765,95.85608099379238,101.53910920000502,100.81219214923424,99.88062052009637,99.05174810753923,95.88703869099587,98.29146242934893,103.50164653264774,100.94680118406684,98.34087437486156
2017-07-01,99.07494765218055,97.69083042049085,98.10424211265489,95.90506426758486,102.58513441720486,101.25923298503258,100.13539239355607,100.02006277507539,95.87667503270352,98.21748104745868,103.54612602633505,101.01188648910845,98.63600878181983
2017-08-01,99.85827239201316,99.9711187776626,98.29297160491099,95.96616196528312,102.87493539626495,101.25026598707373,100.40032157857728,99.64887493325979,95.90650805799007,97.97477855717383,103.90894991647085,101.18834860921693,98.58860492431006
2017-09-01,100.6591149836485,102.31491303854769,98.26519793846337,96.02038999585167,103.0157578313472,101.32334398942139,100.62109797049389,99.37172121392999,96.42793549928184,97.97246097954651,103.92054558856337,101.31918569437228,98.54582294496768
2017-10-01,100.4434733523352,101.17241589718431,98.6704944004789,96.10035498168831,103.87949626646532,101.59996482248523,100.66302569683214,99.50301568427878,96.62440033662612,97.93507241413863,104.00621541283708,101.39872436849387,98.8013756448154
2017-11-01,100.52157752588468,100.8801428166238,98.968402869561,96.29387529387773,104.58300661846506,101.66187263446086,100.63230096060822,99.82489511792772,97.16330619523858,98.14631531855304,103.92831913282066,101.68478714174012,98.79191435077684
2017-12-01,100.8602403646,100.6672955474,99.0274328769,97.1161658295,104.6267516895,101.8017879851,101.4767072304,102.0528801514,97.2932725612,98.773284753,103.9096097085,102.0927003922,99.1291393047
2018-01-01,101.1676158287,101.5792088842,99.4463634195,96.8972159153,104.600438502,101.7446680589,101.8844649529,101.3548166281,96.9162595682,98.4557402494,106.5661659246,102.5913441312,99.0037044057
2018-02-01,101.4905047625,101.9209538323,100.9490463835,96.844004869,104.753637102,101.7686091098,102.089217598,101.2738375281,96.8707549808,99.0139457148,108.1446529472,103.0673103515,99.583262735
2018-03-01,101.3609293777,101.4735822479,100.750174722,96.4018490026,104.7624969122,101.5361069792,102.3923567424,101.0228408327,96.9582949186,99.2024582543,108.2350382127,103.2463080521,99.6746716917
2018-04-01,101.2166039712,100.7311918896,100.7711894467,96.4285935501,104.8317998344,101.4471470531,102.6584051063,101.1091916006,96.8906391848,99.2295745184,108.2513689595,103.4715599737,99.760066474
2018-05-01,101.3352837144,100.8969728341,100.6152659501,96.6344452063,104.8242670355,101.8327228147,103.2134750655,101.0658665103,96.8432997241,99.4137803436,108.3703353584,103.6093822253,99.6022581481
2018-06-01,101.4549338051,101.125817203,100.2713953606,96.6447413395,104.8824358889,101.9070468252,103.9028746888,100.9580571167,96.7240372558,99.4202126968,108.3806149732,103.7912624798,99.8145108381
2018-07-01,101.4971130225,100.9542043991,100.5809918328,96.8776658927,104.8547078595,101.9026108097,104.120075147,101.486583197,96.613338158,99.514045715,108.4813215355,103.8471592486,99.8612905839
2018-08-01,101.6717823647,101.4566337265,100.5743543532,97.1694726467,104.8766334702,101.9294378901,104.4345102014,101.3842200575,96.3589879704,99.1790042787,108.6397439558,104.1239376066,99.8731977597
2018-09-01,101.5841222589,101.0560377795,100.8324227178,97.0716163576,104.9022660751,102.0122379103,104.6911457162,101.3397357822,96.361892305,99.2288348275,108.6646533945,104.166007795,99.9185008805
2018-10-01,101.7630203151,101.7012405346,100.6373937287,97.174747367,104.8695900906,102.01757284359999,104.5630478553,101.3126324068,96.3403078937,98.8404198565,108.6683533642,104.2745787095,100.1532468408
2018-11-01,102.0271876513,102.1050325845,101.0940123248,97.4254746851,104.9909506638,102.2319256517,104.7086667424,101.5647496935,96.3296696484,99.2161052922,108.8221143269,104.4926108646,100.4310360896
2018-12-01,102.3802715508,102.5313204839,101.338893092,97.989990329,104.9326397601,102.4915486574,104.9952170979,102.8249560494,96.1238892646,99.1843072318,108.8916810896,104.9484265179,100.4881184959
2019-01-01,102.611932635,102.4740720989,101.8848210898,97.9842887321,104.9987156659,102.6992497153,105.5113972279,102.9052916574,96.2215552746,99.4805537497,112.0825967434,105.2593850315,100.5119693571
2019-02-01,102.4555416028,102.0647723994,101.941017936,97.8508135773,105.0348685476,102.5414795773,105.6860495522,102.3980562032,96.2501660181,99.5186862018,112.255257157,105.1746071199,100.6594874977
2019-03-01,102.4380856499,101.71249705,102.0090994673,97.9773739262,105.1589309272,102.6985262157,105.9875603338,102.4992564831,96.4227800664,99.6788202885,112.290738591,105.1665880793,100.7650422315
2019-04-01,102.5816680957,102.1244115891,101.886733318,97.8503273513,105.2957293539,102.7433430852,106.0269182283,102.5089929156,96.4961836033,99.6215772478,112.2926789344,105.3319575577,100.7981559086
2019-05-01,103.0489999478,103.7270879206,102.0819291395,97.8923992498,105.4245115602,103.0399711083,106.0934966508,102.396875268,96.3596664424,99.7436661958,112.2747371112,105.3814375607,100.8131944895
2019-06-01,103.2098980664,104.1557383736,102.2767494061,97.9609729074,105.5256195828,103.3169337514,106.1495130895,102.617540599,96.311409752,99.5062832074,112.3685989997,105.4306306783,100.7761852853
2019-07-01,103.4439151119,104.7955022865,102.1983562608,97.8392453617,105.5717538912,103.4769725309,106.5726886359,103.0163956189,96.2073363865,99.3740899648,112.3659973845,105.5203418135,100.8734051876
2019-08-01,103.9627570334,106.9448589866,102.2601172737,97.6850813231,105.5454384232,103.4410769036,106.4401850466,102.6021524864,96.1802468731,99.1517932525,112.3899892912,105.596923066,100.8559084234
2019-09-01,103.8780952965,106.632523263,102.413491072,97.5269672303,105.4672059187,103.3017571869,106.5038631094,102.5298609723,96.1440481519,99.2111742554,112.4108822936,105.7527984965,100.9300844005
2019-10-01,104.3453914995,108.1869413077,102.3909164095,97.4355084346,105.4336701447,103.2882398001,106.7209812881,102.6135586672,96.1044031873,99.276339988,112.3777042084,106.1028990217,100.8341984266
2019-11-01,105.5086925667,111.1512221396,102.884527632,97.4615975908,105.5100800599,103.2536143288,106.8658159329,103.2515812983,96.0586082631,99.3209932627,112.3962716496,108.09625827,100.9428704847
2019-12-01,103.8842828752,104.549120452,102.9732519149,97.9319572369,105.1607448308,103.4074822158,107.0168458856,104.2254953015,96.2866386424,99.6820589784,112.4574082852,108.0888038953,101.1596809319
2020-01-01,103.853437152,103.9411585243,103.2617056613,98.0241228753,105.0618784873,103.6102546852,107.1255172019,104.2400693268,96.2110933438,100.0228118971,114.6362361337,108.1312151057,101.2045107309
2020-02-01,103.7884570992,103.677615867,102.5594566094,97.8461982038,104.985284821,103.3936557236,107.7105949261,103.8615562419,96.1611277794,100.3823255126,115.3455584006,108.242234235,101.1411291438
2020-03-01,103.9084672002,104.1072690321,102.7093305879,97.6394544872,104.9659646241,103.6535802806,107.9225567571,103.632588771,96.4552883823,100.5320146364,115.3822306238,108.2064180255,101.0796850363
2020-04-01,104.341275313,104.7812710302,102.7573103565,97.6623270616,105.0924687295,105.1084133174,108.2112112009,103.632588771,96.4552883823,100.5432531256,115.3822306238,108.2115990837,102.897481275
2020-05-01,104.3157176546,103.7930085656,103.5319818351,97.9000584044,105.3905157408,105.7111885368,111.3631154223,103.6493054889,96.4552883823,100.499956324,115.3822306238,108.198510309,103.505094569
2020-06-01,104.693147682,104.7251935963,103.2849076966,97.5166804074,105.1411122683,104.7877306009,112.1403576187,105.7628411888,97.3887604256,100.9426821044,115.3822306238,108.0448764443,102.9435875238
2020-07-01,104.836411163,104.6478208376,103.3781708862,96.9911010814,105.1821843949,104.7158459622,114.8636436504,107.0230242547,98.2586125305,101.2845284097,115.3822306238,108.1560077292,101.7363840526
2020-08-01,105.4062357263,106.5112547747,103.4475310189,97.0066336065,105.1086332767,104.4422851583,115.4239257255,107.236924787,98.4428931376,101.3323868544,115.3935949063,108.4403226102,101.6602752074
2020-09-01,104.3524559941,102.7766028132,102.7973326541,96.7000612947,105.0325899736,103.8470930118,115.2018649909,107.7126258486,98.3820598296,101.5306261388,115.4843893676,108.523319329,101.2483757166
2020-10-01,104.6330769703,104.1062373189,102.4148789015,96.2434099775,105.0267338704,103.6106537276,115.0052742403,107.2973712112,98.1431870243,101.5584735198,115.5958674047,108.9653407494,100.762303436
2020-11-01,104.3521594822,103.4611237353,102.3660328823,96.0924517451,105.1811999362,103.5083480764,114.7673217117,105.772070793,97.9749769307,101.5347435428,115.5617377985,109.287978624,100.9257018454
2020-12-01,104.5807979129,103.7293219303,102.5932434991,96.483810335,105.2809702758,103.9395985458,114.9767721168,105.9616191602,97.9081736522,101.9043974102,115.6059868722,109.4690693453,101.1725615298
2021-01-01,105.0705436217,104.5193367995,102.8501568288,96.2754480736,105.3467721571,103.9350471748,115.2987116548,105.7196736738,97.9419825065,101.7638648255,123.9013876841,109.2893014775,101.0237429711
2021-02-01,105.2407868792,104.6888525988,103.0147937727,96.2213033349,105.3621103623,104.2190347691,115.8458970581,105.3594225351,98.4196641172,102.0713634196,126.2460125001,109.1981471882,100.9420026379
2021-03-01,105.115719769,104.8075125498,102.9414278762,95.8296617383,105.4239269973,104.463402964,115.5386101186,105.1538848272,98.3334543816,101.9594509637,123.8140586537,109.3060698421,100.6526725713
2021-04-01,105.0484912279,104.7024731633,102.6451060335,95.9670111408,105.376622236,104.3217862766,115.5625246794,105.221526457,98.4720929603,101.843771322,122.8021325353,109.5199986764,100.2570755394
2021-05-01,104.8753807081,104.4947663904,102.4182327998,95.8098720524,105.3911173633,104.0683249095,115.2716546616,105.0752603298,98.2043304022,101.8882226398,122.4072607914,109.5390958847,99.7269937076
2021-06-01,104.8890668935,104.322276053,101.6958730023,95.8320358333,105.2970928359,104.2505221029,115.5850192793,105.3267884439,98.1112404533,102.2734592419,122.4096989861,109.623247744,99.6914551283
2021-07-01,105.0450102,104.8292519,101.7014319,95.81699937,105.3207196,104.1614688,115.8274065,105.3349109,97.91553789,102.364093,122.3922129,109.7395315,99.73595146
2021-08-01,105.5928891968,106.6590312895,101.6472098029,95.6991932978,105.2565504183,104.1683591056,115.5848158145,105.7820893417,98.0838693562,102.4362009451,122.4488367263,109.8243841975,99.8345563247
2021-09-01,105.3861152076,105.6161582248,101.5965564854,95.9440304753,105.2129355635,104.1776748719,115.4722232387,106.0312827782,98.2236936818,102.78996701,122.3062318768,109.9015957724,99.932070078
2021-10-01,105.1485213624,104.337710693,101.569970294,95.9271064599,105.3264650867,104.1469109999,115.640131573,106.3535613862,98.7093735471,103.0271667171,122.3552873854,109.9739361032,100.1119419593
2021-11-01,105.3525568253,104.6534496587,102.2901132964,95.8440643806,105.4507321192,104.1115964874,115.756572024,107.1688314772,99.2748456205,102.9990470678,122.3112032226,110.0969196689,99.9477481717
2021-12-01,105.5230190914,104.2235284409,102.3953624963,96.591678612,105.5532930456,104.581359686,116.0140646675,108.3583027884,99.337431819,103.4988776309,122.4237936008,110.1931844942,100.2447778281
2022-01-01,105.8484626507,104.7472805851,101.8605471174,96.5476094348,105.5028453684,105.1219694473,116.3863174851,107.3898587184,99.5380023984,103.4853897773,127.6920734506,110.2317765432,100.3486360649
2022-02-01,105.9791002404,105.0889261043,100.8748087783,96.8394305893,105.6263823381,105.5379305339,116.5293057807,107.2134466431,99.4419450719,103.6903550646,127.7416981893,110.2425477935,100.2004314768
2022-03-01,105.9293158215,104.4396421481,101.7364177998,96.7922604689,105.6526813235,106.3558515552,116.6033455273,107.1221834503,99.622889395,103.7728333939,127.7201627118,110.4825891215,100.5713691496
2022-04-01,105.9586065186,104.1669633292,101.189536144,96.9850889264,105.6994006434,106.8503713918,116.6132167475,107.380974828,99.5412323644,103.8254329943,127.7471627946,110.5151924479,100.9809480893
2022-05-01,106.3587891027,105.4341708747,101.2458255372,97.2009865043,106.0627716576,107.1192082037,116.917261314,107.1548135626,99.167083756,103.6039743139,127.7022219494,110.6669067581,101.2123295692
2022-06-01,106.7688421803,106.6283453733,101.3996498127,97.3311871786,106.127440607,107.3731391408,117.1062550138,107.2285003214,98.8078198683,103.554863115,127.7421487257,110.933399032,101.5445519141
2022-07-01,107.1867262447,107.2758134345,100.9879029008,97.4749035105,106.181302164,108.5359983496,117.0789440229,108.7967411169,98.1181993485,103.3440810814,127.7755680975,111.2590068371,101.8440742557
2022-08-01,107.2272962315,107.4696144899,101.3870642653,97.4545715977,106.3466675123,108.9655032599,116.8510535285,107.9035942121,98.0491854451,103.2704600257,128.3157270649,111.3926679196,101.880007708
2022-09-01,107.3822219854,107.9509255149,101.4310274564,97.4552566908,106.4587144414,109.4540207017,116.8055937344,107.7347864343,98.0160156392,103.0121066842,128.3150392492,111.4612941008,102.0152227939
2022-10-01,108.1841426067,110.3096016785,101.3222729217,97.6257062297,106.5476158957,109.8307061007,116.6886021875,108.47859988,98.0240097205,103.0710321006,128.2739303541,111.812412873,102.1007352746
2022-11-01,108.6929345,111.3607805,101.4254686,97.34300741,106.5983056,109.626654,116.8373237,109.6517568,98.05503026,103.1839149,128.2239738,112.7660729,102.1195129
2022-12-01,108.8183638985,111.0880273653,101.9534984172,97.8245632266,106.6152132612,109.8532007596,117.2175884938,110.5983965505,97.9439501636,103.0579611689,128.2373736741,112.8660386987,102.6878965756
2023-01-01,109.1769300283,111.8956502841,101.507081991,97.9335680187,106.7606826617,110.0851441449,117.1710321906,110.1335670028,97.6838752567,103.54033453,129.0105275374,113.2474216236,103.3816831325
2023-02-01,108.6978542631,109.916680685,101.6125773688,97.7981668913,106.7785619957,110.1024548789,117.258575356,109.3871714376,97.4647124441,104.8794613843,129.4912158332,113.4468557596,103.5010232786
2023-03-01,108.6146018048,109.6279593505,101.244971965,97.880710944,106.8976375463,110.2260132503,117.7399051873,108.5317136158,97.7816714872,104.9652661911,129.6368845373,113.4270865777,103.6193244789
2023-04-01,108.814653807,110.0609814912,100.9591308542,97.9540370342,106.9185390289,110.480086281,117.6712471425,108.9684455476,98.0901313878,104.8704219613,129.606208384,113.5464599785,103.6081667711
2023-05-01,109.4397851125,111.8982671158,101.252510831,98.3820923498,107.4227184113,110.9517714935,117.9165957467,108.3348246941,98.1366100559,105.0484889285,129.6118417776,113.7075570948,104.0532721524
2023-06-01,109.6785939521,112.2681971711,101.3042915297,98.5302536111,107.5329308608,111.835975458,118.3956263546,108.4543707294,97.9992849183,104.8424332997,129.6673191461,113.8940579989,104.4238661964
2023-07-01,110.0817023,112.8430843,101.7204389,98.71193838,107.671401,111.6728306,118.5990294,110.3136045,97.89862329,105.1535361,129.535703,114.0611619,104.6945492
2023-08-01,110.5068387692,114.2360757149,101.5258406116,98.5892443316,107.7379369566,111.7644926869,118.6805167441,110.5161300389,97.7164008619,105.1012240489,129.6790255083,114.2310510161,104.8301517188
2023-09-01,110.4402808648,113.7220916742,101.8146968049,98.5878216914,107.8115571215,111.7295654653,118.7164947274,111.1552590741,97.7864294824,104.9120884459,129.6855766401,114.3622249481,104.777814096
2023-10-01,110.4294305341,113.5822242662,102.0638150615,98.4283017117,108.0445532501,111.8097624979,118.7624832499,111.1858216764,97.7195812562,104.9367426475,129.6481124711,114.4972367775,104.6776802423
2023-11-01,110.425657,113.6019916,101.7213785,98.29417926,108.0849477,111.8929874,118.9341729,111.2717944,97.88925895,104.7354776,129.6392664,114.4521984,104.5658589
2023-12-01,111.1234908771,114.7798617295,102.7031185015,98.8823313026,107.8089453584,112.0668955251,119.0631207778,113.6146934603,98.0569881563,104.8565128112,129.7634795264,114.6886904052,105.4551670912
2024-01-01,111.211057339,114.3248372577,101.8778319112,98.8581915496,107.7225843425,112.1880588193,119.5669626479,113.6220225776,98.3893784731,105.9941496316,131.1804070833,114.83835021,105.9029841335
2024-02-01,111.4333483,114.2911179,101.3045802,99.05358039,107.8250914,112.8446869,120.1357906,112.7775342,98.72615705,107.1377463,131.7081051,115.0966752,106.9941944
2024-03-01,111.9415594867,115.0432029015,102.4134884113,99.3027543221,108.0344100829,114.04095379,120.9697437938,111.9612483496,98.9156279334,108.3050754721,131.5797690289,115.3443232519,108.5516355488
2024-04-01,112.5796609356,116.8716892084,102.4119502143,99.3778319231,108.0449452768,114.3426306374,121.2983449019,111.5733983079,98.9882457437,108.4743020197,131.5024214795,115.5110905352,109.9720313716
2024-05-01,113.2887760178,118.5390455617,102.9469187807,99.5815475593,108.5014682229,114.9397616271,121.7396794941,111.6844264234,99.216511423,108.7073385213,131.4270925915,115.6638524352,111.1834658688
2024-06-01,113.8950297207,119.7175823962,103.121262878,100.0177023135,108.6384138073,115.2183257892,122.7753049251,112.2499413285,99.0692582609,108.9486687308,131.5334740796,116.164447763,111.9096294489
2024-07-01,114.4340097621,119.7756912944,103.0507533844,100.6119252053,108.875881168,116.1116262579,123.272217066,114.5718827769,99.9695854975,109.4099696711,131.4961632684,116.6956951345,112.2508378177
2024-08-01,116.2453141249,121.8653983293,104.3401060382,103.1159548546,109.1363273319,119.9504843617,124.8637214909,113.5577131173,100.9314812108,113.6538853557,131.490907957,118.199950448,116.2095811045
2024-09-01,117.2677729503,122.7267485349,104.3898276207,104.6040806013,109.3278525268,122.6839157568,125.9870078687,113.3759354227,100.8458790528,114.5246850866,131.5208993345,119.4066237939,119.5369026691
2024-10-01,119.1963834221,127.1413284558,105.6525514313,105.8773460559,109.6445199794,124.0407354536,127.6322751412,114.2302287316,100.543573011,114.9174337032,131.650494846,120.9428816391,121.5677101486
2024-11-01,120.9228200185,130.4363772825,106.694720912,106.4426700347,110.1569378088,125.2312565122,128.6214430222,115.6643331598,100.7103330028,115.3714125662,131.5862446248,123.412360045,123.1845869925
2024-12-01,122.2067817654,132.4518956512,108.2962800129,108.1293331849,110.6478559993,126.738087744,129.2984732409,117.2752516276,101.0853716978,115.593216656,131.5885168355,124.6946694914,124.2425483568
2025-01-01,124.5946035939,136.3249607928,109.4263420817,109.3556237017,111.609139171,128.0983817426,130.6015329292,119.9105271398,101.1361153856,119.7609280225,133.4270343481,126.4945668998,126.8729114245
2025-02-01,126.1682781397,138.8309700428,110.1797073565,110.4157036005,112.0852475849,128.9128878716,131.3584858092,121.9721318565,101.2914846888,121.5810461792,135.1062599894,127.5523327765,129.0822389151
2025-03-01,128.3229906062,144.1227630064,110.5712395594,111.1629872381,112.5444793501,129.8121078585,132.3939371447,123.9417478218,101.2806957687,121.3564580294,135.3302617724,129.3180475706,130.569576365
2025-04-01,129.4723145346,144.7728934935,112.0376112013,112.975015965,113.1113490004,132.4051715555,134.8621948918,123.5029426641,101.855215663,122.1094287896,135.2449152339,130.7338752801,134.5052099237
2025-05-01,134.1979678085,152.0371260878,113.4466600714,119.2361791873,114.2749417524,140.8007291633,138.9154255436,124.6425242077,103.1634547964,125.0745419185,135.0368878712,133.5182810632,144.8456202952
2025-06-01,141.1856738876,164.9557929126,115.5209453088,125.8173997053,115.1309110605,149.3620158189,144.4874516039,126.3993125135,104.0375495953,127.9745768789,135.1518224895,139.1410399019,158.1857689622
2025-07-01,142.8784655293,164.3505816656,116.7303506672,128.9919655732,116.3103655737,154.6627897046,148.370202426,128.6284791504,103.3619893063,127.8468263255,135.5382596864,141.7142238145,164.9686906967
2025-08-01,144.317850196,166.6157520173,118.8500304525,130.4307792666,117.6660420157,155.7201290124,150.1527509359,128.229501386,102.275812017,132.8138200395,135.6527571065,142.8977818763,165.9190836477
2025-09-01,144.6087707379,167.1127266171,120.4015952991,130.6420375855,118.9316353672,155.507245318,151.4021289787,128.129575976,101.4648358011,131.3815520597,136.0788050773,144.1045957859,165.1715015883
2025-10-01,145.6966617596,170.408502573,122.0516522678,131.3911723347,119.7875718155,154.8539353357,152.6001729801,128.9980583426,100.9505502396,131.0430881042,136.1260709361,145.019198676,163.7074201685
2025-11-01,146.2737922415,173.2993979813,122.8350199557,130.9750149518,120.284138239,152.8066590542,152.7421250865,128.7869210366,99.3291925729,129.3044205489,136.127839223,146.9144825962,161.6849425356
2025-12-01,147.1364641781,169.9076756137,124.0827295402,132.1430021253,120.9886899582,151.0705779953,153.7268554729,148.501848688,98.4301249273,127.5648235164,136.0752685034,148.5859971688,159.4176170632
2026-01-01,149.0611704407,169.0654107504,126.5785991976,132.1846187018,122.1553812723,151.0638566159,155.6570632486,166.2280933124,97.744983524,128.6246083446,140.5436751364,150.5666894278,157.6199239379
2026-02-01,148.1374102915,166.6264038483,127.5618972143,131.0517956261,122.7797384245,149.9982764949,155.8390578467,164.9544548263,97.4225722258,129.2158262833,142.3818055379,150.7317980139,155.1915700183
2026-03-01,147.634733725,165.7948150976,127.3091781764,130.8956653437,123.2726068889,148.8165656768,155.7058465079,163.7834705589,97.7348124931,128.876809894,142.488457263,151.1087917477,152.8643541754
2026-04-01,147.835077361,166.6994000922,127.5666134146,130.4861019144,123.5269093364,147.6591571682,156.2101342024,163.5878607439,97.7327216169,129.057269138,142.6586215789,151.7368643596,151.8979703174
2026-05-01,150.984104813,176.7813912733,128.1918783571,130.3003457319,123.6891883237,147.6540234023,157.0755599271,163.7139062554,98.1797341001,129.2215787825,142.4328753494,154.4605923902,151.4767744447
2026-06-01,154.2239063416,185.6811316767,128.5579094504,130.1118393563,124.0993909591,148.0504202974,157.1041498664,164.5339428989,98.5609878917,129.1185915854,142.578197539,159.8247826571,150.6727499856
2026-07-01,149.9203193574,168.9526755937,129.5557712274,131.3766861281,124.763905841,148.7838828908,157.7690486572,166.7890873017,99.4659721603,129.8537398173,143.090650177,157.0051903762,151.557058157
2026-08-01,151.5691542872,171.717832563,130.6041420606,132.8962783278,125.4566174917,151.2631236192,159.0228482355,165.9376234045,100.8065729774,131.5729982678,144.5425405578,158.6419805751,153.3025773845
