date,importaciones__total,importaciones__bienes_de_consumo,importaciones__bienes_de_consumo_no_duradero,importaciones__bienes_de_consumo_duradero,importaciones__materias_primas_y_productos_intermedios,importaciones__combustibles_lubricantes_y_productos_conexos,importaciones__materias_primas_y_productos_intermedios_para_,importaciones__materias_primas_y_productos_intermedios_para_,importaciones__materiales_de_construccion,importaciones__partes_y_accesorios_de_equipo_de_transporte,importaciones__bienes_de_capital,importaciones__bienes_de_capital_para_la_agricultura,importaciones__bienes_de_capital_para_la_industria,importaciones__equipo_de_transporte,importaciones__diversos,importaciones__efectos_personales
1992-01-01,98.38687,18.155943,8.976981,9.178962,38.167339000000005,1.723379,1.638884,29.182911,3.400843,2.221322,38.216239,0.693302,29.129775,8.393162,3.786622,0.060727
1992-02-01,92.713137,18.026669,7.101689,10.92498,38.891943,1.811812,1.113909,30.580974,3.32474,2.060508,31.996858,1.848677,20.840568,9.307613,3.767212,0.030455
1992-03-01,77.024484,15.531613,7.1323,8.399313,27.395282,1.995821,0.349855,20.797626,1.9698,2.28218,32.331484,1.16309,22.366146,8.802248,1.697739,0.068366
1992-04-01,92.565844,16.056858,6.620056,9.436802,35.556002,1.452851,0.577921,28.135264,3.63988,1.750086,38.568469,2.01563,30.817103,5.735736,2.330305,0.05421
1992-05-01,93.91064999999999,14.092959,7.173012,6.919947,36.307117999999996,2.005065,1.322288,27.652179,3.311707,2.015879,41.867923000000005,1.813527,33.322822,6.731574,1.604717,0.037933
1992-06-01,79.55239700000001,14.043789,5.823784,8.220005,34.072484,1.832238,1.0863,23.856762,4.57481,2.722374,30.105040000000002,2.658382,20.530214,6.916444,1.314469,0.016615
1992-07-01,113.700504,15.099246999999998,6.541626,8.557621,44.045315,2.531666,0.70599,28.880501,7.573835,4.353323,47.079744,2.08726,33.77117,11.221314,7.428823,0.047375
1992-08-01,94.713646,15.21272,6.742279,8.470441,44.496058999999995,2.053015,1.024072,33.187591,5.760878,2.470503,33.192897,1.387925,22.212765,9.592207,1.768072,0.043898
1992-09-01,97.29782,19.870921000000003,8.077185,11.793736,41.337097,2.304769,0.978003,31.224058,4.01976,2.810507,33.398761,1.085853,22.34393,9.968978,2.663143,0.027898
1992-10-01,95.60702300000001,22.036216000000003,9.1483,12.887916,41.717442999999996,2.078884,1.753771,30.83899,3.670652,3.375146,29.833335999999996,1.497597,18.539371,9.796368,1.946115,0.073913
1992-11-01,120.40062100000002,20.318778000000002,8.430223,11.888555,38.28371,1.842557,1.692235,27.832749,3.771908,3.144261,59.715838000000005,1.89109,30.553847,27.270901,2.045884,0.036411
1992-12-01,74.623711,16.511734,7.291651,9.220083,35.51489300000001,4.341843,0.850715,21.405984,7.245718,1.670633,22.181824,0.536987,17.044992,4.599845,0.354284,0.060976
1993-01-01,78.73336400000001,15.21591,6.962738,8.253172,34.562621,2.380803,1.042458,25.717635,2.946235,2.47549,27.920331,0.830583,22.35235,4.737398,1.011567,0.022935
1993-02-01,72.245657,13.530059999999999,5.716057,7.814003,33.706432,1.546439,0.581902,27.465785,2.240179,1.872127,24.396513,0.429432,16.896453,7.070628,0.580075,0.032577
1993-03-01,88.84045300000001,17.932816000000003,8.229687,9.703129,38.163472999999996,2.153242,0.935094,28.799507,3.323384,2.952246,31.907187999999998,1.327807,22.806659,7.772722,0.821933,0.015043
1993-04-01,119.00942500000001,17.081158,7.687069,9.394089,40.342387,5.269688,1.950222,24.679359,5.627798,2.81532,60.151601,1.503198,28.06238,30.586023,1.411675,0.022604
1993-05-01,93.94368899999999,16.119241,7.879221,8.24002,36.502536,5.613453,0.445705,25.103057,3.114069,2.226252,39.874005,1.614007,24.443053,13.816945,1.403718,0.044189
1993-06-01,83.92431599999999,15.648108999999998,7.569342,8.078767,37.77525,5.999097,0.91805,23.598321,3.969356,3.290426,28.49571,0.820857,18.244472,9.430381,1.989813,0.015434
1993-07-01,104.47263199999999,17.151837,7.355728,9.796109,43.19546,6.109308,1.432936,28.514529,4.070814,3.067873,41.459813999999994,1.158978,31.615015,8.685821,2.648845,0.016676
1993-08-01,84.70744,18.74313,10.588278,8.154852,37.6406,3.742437,1.47752,26.252029,3.909026,2.259588,27.819844,0.971358,19.880057,6.968429,0.469323,0.034543
1993-09-01,92.10624499999999,21.408974999999998,11.841942,9.567033,40.618603,3.060521,4.103183,23.800855,6.77862,2.875424,28.16903,0.675061,21.019328,6.474641,1.885116,0.024521
1993-10-01,94.55067,20.474128999999998,9.715157,10.758972,41.843982,4.670594,2.104864,25.830301,5.229884,4.008339,31.498072999999998,1.558092,20.988956,8.951025,0.734486,
1993-11-01,123.765397,21.636242,11.52023,10.116012,46.292083,6.754975,1.520368,29.452576,5.235203,3.328961,52.804941,0.810775,19.370523,32.623643,3.0265,0.005631
1993-12-01,140.646188,29.203227,14.590686,14.612541,47.503786,4.379366,1.635083,32.639771,4.754073,4.095493,61.104276,1.558298,28.19693,31.349048,2.826266,0.008633
1994-01-01,82.41082999999999,21.471012,10.48134,10.989672,38.477762,6.342516,0.80005,24.209284,4.598568,2.527344,22.365579,0.350023,15.390109,6.625447,0.086722,0.009755
1994-02-01,74.89804599999998,18.043945,8.976505,9.06744,29.779025999999998,2.807196,0.770929,20.028845,3.804294,2.367762,27.061376000000003,1.819592,19.363478,5.878306,0.011468,0.002231
1994-03-01,100.49934200000001,21.736207999999998,10.601975,11.134233,42.066157000000004,6.611591,1.173528,28.051333,3.029573,3.200132,36.562304000000005,1.283356,21.881633,13.397315,0.132895,0.001778
1994-04-01,87.88640899999999,20.576124,10.305882,10.270242,41.797121999999995,4.393593,1.298293,30.034252,3.511157,2.559827,25.111698,1.957892,15.646433,7.507373,0.397517,0.003948
1994-05-01,95.095071,22.258597,12.086209,10.172388,39.831458999999995,5.645531,1.11604,25.732773,4.029602,3.307513,31.65094,1.605717,17.143357,12.901866,1.340237,0.013838
1994-06-01,92.76900099999999,24.721498,10.3073,14.414198,33.110636,3.466479,1.015898,22.029966,3.157894,3.440399,26.545144999999998,1.078122,16.970056,8.496967,8.383297,0.008425
1994-07-01,105.34709,22.397717,11.652522,10.745195,40.399800000000006,4.929077,0.970552,27.868998,3.744947,2.886226,42.175419,1.074496,21.584846,19.516077,0.369745,0.004409
1994-08-01,98.97055199999998,25.450601,13.094533,12.356068,42.601524,5.289257,0.847293,28.141239,4.271621,4.052114,30.584643,1.852508,16.523432,12.208703,0.333784,
1994-09-01,110.56147800000001,22.447049,11.120375,11.326674,53.840569,3.385803,1.596351,39.026598,4.690997,5.14082,34.124042,2.115162,21.757584,10.251296,0.149818,
1994-10-01,109.19163399999998,23.664772999999997,10.737896,12.926877,49.042182000000004,3.412766,2.053563,34.210192,5.656258,3.709403,34.72661,2.318102,19.284411,13.124097,1.757809,0.00026
1994-11-01,118.095214,28.211326999999997,12.164156,16.047171,48.436551,4.473206,3.138051,33.015685,5.023285,2.786324,41.054595000000006,1.368314,21.271647,18.414634,0.39173,0.001011
1994-12-01,120.621123,31.475704,12.377614,19.09809,52.747978,6.59515,1.166311,38.39575,3.356418,3.234349,35.564927,1.634665,17.310537,16.619725,0.831389,0.001125
1995-01-01,102.634258,22.660161000000002,9.56367,13.096491,42.683017,3.355409,1.240116,30.667772,4.239934,3.179786,36.473801,1.327293,19.133305,16.013203,0.813618,0.003661
1995-02-01,104.48411800000001,22.239487,9.737098,12.502389,45.133926,6.36251,1.057976,29.998563,4.398153,3.316724,37.086037,1.042303,21.491788,14.551946,0.024668,
1995-03-01,126.86473400000001,26.828074,12.769805,14.058269,55.142856,4.631075,2.296965,40.561522,4.486549,3.166745,43.371652,1.3674,26.805232,15.19902,1.522152,
1995-04-01,104.650288,21.726407000000002,10.720773,11.005634,54.819049,7.039967,2.127804,37.653747,3.777038,4.220493,27.853625,1.606729,18.685544,7.561352,0.246356,0.004851
1995-05-01,184.29539300000002,26.104177999999997,13.092861,13.011317,48.777743,5.60167,1.77773,32.743124,4.732992,3.922227,108.619647,3.004154,42.945656,62.669837,0.792152,0.001673
1995-06-01,116.211375,24.212156999999998,10.602084,13.610073,48.110529,5.003355,1.448483,33.526495,4.639797,3.492399,43.238276,1.383114,25.338042,16.51712,0.650413,
1995-07-01,104.84516799999997,21.982453,11.466091,10.516362,49.131834999999995,3.831663,1.243981,37.694875,3.498248,2.863068,32.675504,1.346873,20.993026,10.335605,1.055376,
1995-08-01,120.884712,23.870416,11.918918,11.951498,53.534004,3.781883,2.570707,38.03294,4.754392,4.394082,41.751518,0.86435,28.113865,12.773303,1.728746,2.8e-05
1995-09-01,118.212337,22.669175000000003,11.673844,10.995331,48.834092000000005,5.090272,2.144658,33.754696,4.038363,3.806103,45.000040999999996,1.549788,25.527704,17.922549,1.709029,
1995-10-01,115.18052900000002,21.775485,10.816628,10.958857,50.562622000000005,5.104659,3.190667,35.289225,3.603572,3.374499,42.421398,1.945697,31.057063,9.418638,0.421024,
1995-11-01,128.863314,24.242057000000003,13.681411,10.560646,55.25263700000001,4.585665,3.914293,36.256402,5.83176,4.664517,46.909294,0.987772,36.361128,9.560394,2.459326,
1995-12-01,106.46269,24.065939,11.895447,12.170492,52.041554000000005,12.607616,4.419958,30.100949,2.558525,2.354506,29.557133999999998,1.015212,17.3761,11.165822,0.798063,
1996-01-01,102.811066,23.285742,12.001939,11.283803,51.339602,6.963391,2.600458,33.765246,4.038682,3.971825,28.087522,0.646125,18.576232,8.865165,0.0982,
1996-02-01,102.417072,22.304656,11.983146,10.32151,44.25388,2.034263,3.559642,33.120648,2.810057,2.72927,35.512689,2.050432,23.769409,9.692848,0.345509,0.000338
1996-03-01,114.727348,27.939531000000002,16.135449,11.804082,48.428758,1.558966,1.445048,37.870977,3.930392,3.623375,37.56049,2.438944,22.518868,12.602678,0.798569,
1996-04-01,138.124018,23.022038000000002,12.756643,10.265395,48.470986,3.70022,1.252342,37.136721,3.355018,3.026685,65.895854,1.246239,34.22597,30.423645,0.73514,
1996-05-01,130.36591300000003,28.204838,14.759725,13.445113,54.578798000000006,4.432012,1.698225,41.294004,3.857725,3.296832,47.547859,1.719543,34.738698,11.089618,0.034308,0.00011
1996-06-01,106.933683,28.36311,16.034143,12.328967,45.167086999999995,4.500905,1.53265,33.121518,3.697948,2.314066,31.037067,0.773132,21.786003,8.477932,2.365491,0.000928
1996-07-01,135.61825,30.958672,14.895762,16.06291,56.536408,4.772009,1.846042,40.241742,4.364823,5.311792,41.975665,1.388399,29.850203,10.737063,6.147505,
1996-08-01,125.33367,30.466136,15.318429,15.147707,45.540606000000004,4.032766,3.132487,30.829798,4.23427,3.311285,47.607731,2.089908,31.77826,13.739563,1.719197,
1996-09-01,186.28576999999999,30.031824,12.95514,17.076684,50.052149,5.716131,2.827009,34.907413,4.205239,2.396357,101.931589,1.648857,25.557535,74.725197,4.270009,0.000199
1996-10-01,159.317414,31.465217000000003,14.136266,17.328951,61.032202000000005,5.941261,4.277415,41.954197,5.992671,2.866658,54.648361,1.746763,42.366544,10.535054,12.171634,
1996-11-01,154.88399400000003,31.215437,15.937349,15.278088,52.94527,2.94848,4.216882,38.434173,4.710361,2.635374,61.333072,2.137568,45.99462,13.200884,9.390215,
1996-12-01,199.796556,32.334569,16.273595,16.060974,57.209851,5.604313,3.678682,42.598256,3.52724,1.80136,106.115859,1.429713,37.736568,66.949578,4.136277,
1997-01-01,189.62343699999997,30.183518,14.644284,15.539234,54.146105999999996,6.005907,2.613503,38.215802,4.454442,2.856452,102.151247,0.414612,57.148984,44.587651,3.142566,
1997-02-01,110.797962,22.639388,11.485512,11.153876,41.908843000000005,6.210582,2.651991,27.670062,3.220409,2.155799,41.96904,0.998693,29.368284,11.602063,4.280691,
1997-03-01,119.875115,27.76083,14.44963,13.3112,45.192361,5.932802,4.028502,28.896539,4.090644,2.243874,39.012086,1.20061,26.573811,11.237665,7.909838,
1997-04-01,144.76406699999998,31.722718999999998,15.518153,16.204566,52.554773,6.916633,4.147703,34.815573,3.866647,2.808217,59.307517,2.154467,44.214247,12.938803,1.179058,
1997-05-01,141.38592900000003,28.467399999999998,12.638952,15.828448,54.739474,12.693307,2.257735,34.274033,3.471531,2.042868,56.558113000000006,1.840786,34.088344,20.628983,1.620942,
1997-06-01,151.34138299999998,28.912421,13.703126,15.209295,63.528423999999994,17.157913,2.695508,36.098991,4.10637,3.469642,54.160261999999996,1.902765,30.765081,21.492416,4.740276,
1997-07-01,188.171469,34.1276,17.758667,16.368933,86.433497,31.856252,2.398819,44.471519,4.457147,3.24976,64.74245499999999,0.967482,39.362175,24.412798,2.867917,
1997-08-01,158.566091,32.014968,14.312377,17.702591,66.079488,12.946318,2.936404,43.314564,4.406868,2.475334,60.023718,1.439897,40.62218,17.961641,0.447917,
1997-09-01,163.861744,36.779166000000004,17.834319,18.944847,60.834503999999995,4.923386,2.929528,46.333968,4.012825,2.634797,61.505712,1.2614,41.760184,18.484128,4.742362,
1997-10-01,208.720499,40.938035,17.097018,23.841017,81.829481,10.82752,10.45257,51.547241,6.136149,2.866001,81.302193,1.355738,50.258124,29.688331,4.65079,
1997-11-01,164.604055,36.208989,17.53233,18.676659,62.503862000000005,11.294038,4.174154,40.452186,4.494567,2.088917,60.596418,1.616359,35.494904,23.485155,5.294786,
1997-12-01,184.021917,39.274485,17.474897,21.799588,67.86107799999999,10.385841,3.859547,44.181087,6.474685,2.959918,73.541876,1.114397,44.387548,28.039931,3.344478,
1998-01-01,179.51491,35.725452000000004,15.791338,19.934114,75.317705,8.909339,2.012763,55.299528,6.316009,2.780066,66.09988899999999,0.656076,44.878949,20.564864,2.371864,
1998-02-01,147.531347,31.966714,13.908154,18.05856,59.369473,7.022145,2.832872,41.396679,5.251218,2.866559,51.541488,0.914881,31.797914,18.828693,4.653672,
1998-03-01,175.47160699999998,36.875589000000005,16.133872,20.741717,75.312909,10.154696,4.852901,51.682047,5.173529,3.449736,60.325306999999995,0.898222,32.886834,26.540251,2.957802,
1998-04-01,178.385684,34.405072,15.621673,18.783399,75.585872,11.135259,3.20062,53.353761,4.195942,3.70029,65.946493,1.364754,39.950449,24.63129,2.448247,
1998-05-01,169.01218599999999,35.136094,16.264275,18.871819,63.035444000000005,6.622266,3.040559,45.840991,4.388918,3.14271,66.801724,1.153966,43.055751,22.592007,4.038924,
1998-06-01,239.243916,41.026628,19.464632,21.561996,117.23085700000001,6.791017,3.619138,98.67811,5.18304,2.959552,78.286456,3.176501,53.613493,21.496462,2.699975,
1998-07-01,197.92335400000002,36.953852,18.843156,18.110696,83.430581,8.690183,2.408053,62.018554,6.396812,3.916979,73.316865,1.077016,55.715457,16.524392,4.222056,
1998-08-01,170.886676,46.773613999999995,18.232203,28.541411,52.464517,7.567189,2.332036,35.147718,4.777382,2.640192,68.569818,1.359551,41.047115,26.163152,3.078727,
1998-09-01,271.111775,53.009649,20.886755,32.122894,78.013889,7.583126,2.851166,57.081907,7.517735,2.979955,135.799396,1.69033,45.532112,88.576954,4.288841,
1998-10-01,299.815446,53.454401000000004,19.988206,33.466195,80.564899,9.365199,5.752162,52.258977,8.982284,4.206277,158.798042,1.530671,46.863109,110.404262,6.998104,
1998-11-01,212.777596,47.045593,18.458317,28.587276,67.398802,8.133986,5.271988,43.193016,8.058387,2.741425,93.32027599999999,0.81733,56.018277,36.484669,5.012925,
1998-12-01,209.217614,53.692228,19.617694,34.074534,64.561323,7.138925,5.020237,43.511976,6.495842,2.394343,88.13140100000001,1.242306,36.799421,50.089674,2.832662,
1999-01-01,150.25166500000003,29.119541,12.366526,16.753015,44.97647500000001,3.559304,3.959406,31.173123,4.071446,2.213196,74.46138400000001,0.514217,54.653773,19.293394,1.694265,
1999-02-01,185.928253,40.774681,14.276856,26.497825,48.547069,4.006388,4.07405,31.616484,6.341024,2.509123,94.385953,0.730341,51.038823,42.616789,2.22055,
1999-03-01,252.39303499999997,35.396894,18.693735,16.703159,63.64777899999999,5.822646,1.958645,42.444249,10.624528,2.797711,152.088239,0.875737,67.657139,83.555363,1.260123,
1999-04-01,195.78972500000003,26.248946,14.657397,11.591549,47.786477999999995,4.268118,1.373548,31.283396,8.505354,2.356062,120.90083000000001,0.999133,42.623257,77.27844,0.853471,
1999-05-01,137.94793199999998,26.423614,15.178541,11.245073,61.368302,5.00284,1.560699,42.396181,10.334932,2.07365,49.34063,0.845301,37.152072,11.343257,0.815386,
1999-06-01,124.59125599999999,24.003525,14.265877,9.737648,56.76441299999999,5.618161,2.94723,35.082584,11.211837,1.904601,42.646367,2.084883,31.147514,9.41397,1.176951,
1999-07-01,136.432516,25.7102,16.432024,9.278176,67.717852,5.849777,1.357389,44.051935,14.502913,1.955838,42.544203,0.51898,36.042985,5.982238,0.460261,
1999-08-01,148.60024600000003,28.708129999999997,16.989738,11.718392,64.979442,6.878776,1.771409,45.109986,9.052486,2.166785,48.546977,1.002342,34.098965,13.44567,6.365697,
1999-09-01,210.161346,35.571479,18.860797,16.710682,62.355337,5.794359,2.291589,44.935778,6.505548,2.828063,108.533019,1.135165,32.606154,74.7917,3.701511,
1999-10-01,166.423917,35.173632,20.035868,15.137764,65.192541,7.113377,5.977876,42.067824,6.180435,3.853029,62.870255,6.072287,51.576754,5.221214,3.187489,
1999-11-01,186.697909,45.862753999999995,29.212583,16.650171,81.224038,9.582035,9.328914,50.210804,7.516317,4.585968,58.201122000000005,1.621968,49.688927,6.890227,1.409995,
1999-12-01,202.89520199999998,59.552552,33.264649,26.287903,78.164777,9.072688,6.304511,50.86253,6.894838,5.03021,64.28810299999999,0.825773,51.773596,11.688734,0.88977,
2000-01-01,168.15606100000002,44.068263,21.06406,23.004203,71.419592,8.193372,4.386676,47.915333,6.695597,4.228614,51.915013,0.798756,35.418404,15.697853,0.753193,
2000-02-01,191.96852399999997,49.710421,24.027259,25.683162,75.956075,11.760994,2.491212,49.622918,7.606317,4.474634,65.43854,0.955036,37.055191,27.428313,0.863488,
2000-03-01,149.361118,39.784962,24.013414,15.771548,73.30402699999999,7.985209,4.227697,49.161263,7.794673,4.135185,35.493964999999996,0.639908,27.96668,6.887377,0.778164,
2000-04-01,208.84424,35.15197,22.365774,12.786196,61.23026899999999,6.362072,2.686984,41.50572,5.248355,5.427138,111.770563,1.807007,29.271575,80.691981,0.691438,
2000-05-01,172.258208,40.957926,26.329951,14.627975,92.298019,6.632915,4.129521,66.080133,10.42107,5.03438,38.332721,1.195096,34.527027,2.610598,0.669542,
2000-06-01,174.958225,39.877582000000004,26.925604,12.951978,86.756897,7.922059,5.156791,62.625791,6.428729,4.623527,47.667313,0.848504,43.421424,3.397385,0.656433,
2000-07-01,149.463648,31.080105000000003,21.403555,9.67655,72.187364,11.007258,2.453721,48.335503,6.472861,3.918021,45.154506999999995,0.641268,41.398401,3.114838,1.041672,
2000-08-01,198.57685,39.722079,26.810164,12.911915,84.606296,9.190047,3.000741,60.434162,7.811621,4.169725,72.758797,0.938138,42.771632,29.049027,1.489678,
2000-09-01,138.740313,35.045823999999996,22.972423,12.073401,69.52409300000001,8.647944,2.88253,49.081032,5.389979,3.522608,33.022765,0.892001,28.680687,3.450077,1.147631,
2000-10-01,148.02296500000003,34.491645000000005,24.912431,9.579214,75.069388,10.285205,6.558887,44.879654,9.702491,3.643151,36.718016000000006,1.942248,31.396165,3.379603,1.743916,
2000-11-01,166.46205000000003,38.948221000000004,27.711343,11.236878,89.547179,12.288138,7.986705,58.305025,5.713887,5.253424,37.031234000000005,0.908028,34.654259,1.468947,0.935416,
2000-12-01,153.498916,42.171538,28.406396,13.765142,79.389552,16.986253,6.982959,46.13513,5.178182,4.107028,31.449910000000003,1.345977,28.03247,2.071463,0.487916,
2001-01-01,131.21164000000002,35.172525,22.85333,12.319195,69.16872000000001,10.284089,5.222668,43.297879,5.708495,4.655589,26.364527,0.81964,21.551892,3.992995,0.505868,
2001-02-01,122.09929000000002,30.607934,19.046911,11.561023,65.35924400000002,12.92876,3.81116,39.095992,5.289489,4.233843,25.911770999999998,0.552728,21.981163,3.37788,0.220341,
2001-03-01,147.241642,36.500914,25.012998,11.487916,70.396691,11.265356,4.936951,44.34844,5.092941,4.753003,39.924226999999995,1.241006,34.191553,4.491668,0.41981,
2001-04-01,132.174031,31.179039,21.970401,9.208638,72.14542500000002,11.70987,4.441122,48.176566,3.54375,4.274117,28.618145,1.494348,24.17379,2.950007,0.231422,
2001-05-01,163.430837,37.139585,26.912167,10.227418,89.040014,14.140909,4.153027,59.486686,5.771787,5.487605,35.871512,1.184485,30.64411,4.042917,1.379726,
2001-06-01,142.912678,29.81608,21.042863,8.773217,72.023639,10.079517,3.861917,49.334927,4.044649,4.702629,38.921702,1.470193,35.890121,1.561388,2.151257,
2001-07-01,129.235606,31.724080999999998,24.403319,7.320762,68.047653,7.756427,2.565041,48.545127,3.900518,5.28054,27.920204000000002,0.846464,25.440994,1.632746,1.543668,
2001-08-01,165.872189,35.202594000000005,26.422636,8.779958,77.778049,8.474857,3.48985,53.924734,6.055224,5.833384,52.659805999999996,1.015782,39.361352,12.282672,0.23174,
2001-09-01,132.203367,30.560409,22.377659,8.18275,62.745224,6.020232,4.484365,44.050088,4.149556,4.040983,38.501129,1.646909,35.406735,1.447485,0.396605,
2001-10-01,155.82215,37.345708,25.212939,12.132769,75.153936,7.803325,5.664818,50.884865,6.432787,4.368141,41.901954,1.282076,38.487607,2.132271,1.420552,
2001-11-01,146.91066,37.702929,26.625402,11.077527,77.436555,8.103674,11.395195,46.909711,6.508277,4.519698,31.137417,1.923302,27.042278,2.171837,0.633759,
2001-12-01,139.155565,36.585123,24.848438,11.736685,70.74591600000001,6.383049,6.001397,46.583504,7.952465,3.825501,30.649827000000002,0.91187,26.931504,2.806453,1.174699,
2002-01-01,127.773624,31.318358000000003,19.838574,11.479784,62.658225,4.40291,2.130251,43.069665,8.267897,4.787502,33.643905,1.472395,29.576273,2.595237,0.153136,
2002-02-01,117.04965299999999,24.882635999999998,16.066513,8.816123,57.782117,4.221225,4.392858,35.832427,9.64241,3.693197,34.104409999999994,1.210226,30.674217,2.219967,0.28049,
2002-03-01,148.230369,31.941589999999998,21.000173,10.941417,84.84357200000001,4.564588,5.135935,48.791337,22.201659,4.150053,31.269184999999997,1.646167,25.24085,4.382168,0.176022,
2002-04-01,166.489779,32.376523,20.672638,11.703885,82.016016,3.126471,4.355988,52.107454,17.703023,4.72308,51.787256,1.172356,42.331546,8.283354,0.309984,
2002-05-01,144.351427,31.646056,19.705175,11.940881,76.359618,5.441807,3.170143,47.020486,16.070596,4.656586,36.029975,1.790846,30.256599,3.98253,0.315778,
2002-06-01,150.799279,26.742751,16.833828,9.908923,85.61154200000001,6.45474,3.292856,45.466163,25.379673,5.01811,38.142025999999994,1.131837,33.02036,3.989829,0.30296,
2002-07-01,164.12390399999998,35.301317,23.434969,11.866348,84.979479,8.267458,3.564555,52.517232,15.485483,5.144751,42.897144,1.54336,39.404284,1.9495,0.945964,
2002-08-01,170.21704200000002,32.736157,20.812106,11.924051,97.030557,8.38554,4.068453,52.061321,27.708421,4.806822,40.119018999999994,1.711389,33.933661,4.473969,0.331309,
2002-09-01,145.842494,30.286359,19.902391,10.383968,79.533887,8.87562,3.214448,46.03643,16.954997,4.452392,34.705153,1.903904,29.706236,3.095013,1.317095,
2002-10-01,145.37561,30.936097000000004,18.939848,11.996249,78.10634200000001,8.567518,5.898645,45.688651,13.465995,4.485533,34.523109,2.725383,29.800695,1.997031,1.810062,
2002-11-01,181.644389,30.014724,20.578965,9.435759,66.724141,9.536455,6.079317,39.753515,6.977997,4.376857,83.86073099999999,1.75713,36.574599,45.529002,1.044793,
2002-12-01,170.071895,35.545979,22.083844,13.462135,70.479889,9.520303,8.888984,41.573244,5.681463,4.815895,63.333454,1.34239,45.3236,16.667464,0.712573,
2003-01-01,138.17257800000002,27.049397,16.408559,10.640838,69.73855499999999,8.164834,6.321458,44.299883,6.926508,4.025872,40.621653,0.947211,32.48485,7.189592,0.499377,0.263596
2003-02-01,154.81794900000003,24.432025000000003,15.444518,8.987507,59.279481000000004,8.979288,4.660633,35.641582,6.605825,3.392153,69.8187,1.644092,23.074666,45.099942,1.145701,0.142042
2003-03-01,147.82289500000002,25.138273,17.346847,7.791426,64.169859,6.958263,5.865585,42.852039,4.755039,3.738933,57.26951699999999,3.563365,48.260971,5.445181,1.12994,0.115306
2003-04-01,130.600372,25.486013,16.719586,8.766427,69.24746599999999,9.412295,3.774184,46.136257,5.556578,4.368152,35.163185,1.835647,30.340244,2.987294,0.587224,0.116484
2003-05-01,139.38449300000002,30.302630999999998,18.874322,11.428309,70.974271,9.410323,3.955656,46.489435,6.702247,4.41661,37.49245,2.457772,27.044655,7.990023,0.529074,0.086067
2003-06-01,119.76256300000003,26.791714,17.62197,9.169744,74.18596100000002,9.975784,4.575841,49.720412,5.970121,3.943803,17.861225,1.789715,13.673206,2.398304,0.859409,0.064254
2003-07-01,132.290099,31.584011,20.792638,10.791373,75.845345,10.70572,5.312422,49.048303,6.754985,4.023915,24.110449,0.977421,18.583365,4.549663,0.660678,0.089616
2003-08-01,125.067341,30.331784,20.580106,9.751678,71.400897,10.329307,3.497637,45.697486,7.685952,4.190515,22.286307,1.186632,18.768459,2.331216,0.910023,0.13833
2003-09-01,151.087935,31.486943999999998,19.81198,11.674964,71.144634,10.680667,3.442521,46.378601,6.385213,4.257632,46.98747,1.594985,36.893682,8.498803,1.378337,0.09055
2003-10-01,156.809156,31.886566000000002,18.192246,13.69432,78.788796,10.217627,9.894494,49.044559,6.066365,3.565751,43.739334,5.026425,31.080082,7.632827,2.263947,0.130513
2003-11-01,143.15559100000002,34.514851,20.922531,13.59232,77.456575,9.089772,10.013972,47.55075,6.824301,3.97778,30.104078,2.828764,19.631378,7.643936,0.902178,0.177909
2003-12-01,153.095098,40.167958,23.828653,16.339305,79.96672699999999,10.665769,7.765458,48.21118,9.177632,4.146688,32.180124,1.59615,22.839214,7.74476,0.644618,0.135671
2004-01-01,140.23586699999998,32.375553999999994,18.568315,13.807239,68.314025,7.58928,7.042383,43.145423,6.375849,4.16109,38.998717,3.247519,25.902873,9.848325,0.430002,0.117569
2004-02-01,135.15803400000001,27.913477999999998,16.357909,11.555569,66.39268600000001,7.657745,4.384292,43.233991,7.02351,4.093148,40.115156999999996,4.720679,26.354253,9.040225,0.648293,0.08842
2004-03-01,160.231437,39.355727,23.495307,15.86042,77.772144,7.978585,6.540708,50.174658,7.8896,5.188593,42.180135,9.476145,23.459899,9.244091,0.801033,0.122398
2004-04-01,135.34628,28.921665,18.581976,10.339689,71.559707,8.496998,4.825837,47.853814,5.815937,4.567121,34.041182,3.137331,23.928787,6.975064,0.736625,0.087101
2004-05-01,156.21337200000002,35.697895,22.225821,13.472074,80.758319,8.520621,4.49847,56.098246,6.312083,5.328899,39.071785000000006,5.689077,27.291315,6.091393,0.629729,0.055644
2004-06-01,154.069954,30.132317,19.560395,10.571922,84.630089,7.242093,8.600194,56.363691,8.070731,4.35338,37.908483,3.213466,30.13714,4.557877,1.353644,0.045421
2004-07-01,157.853329,30.754997,18.990458,11.764539,87.84046,8.066899,6.962286,59.356343,8.861458,4.593474,38.00671,3.376521,29.212836,5.417353,1.182548,0.068614
2004-08-01,152.076039,33.974333,20.981099,12.993234,75.259462,9.043936,5.688883,46.905795,9.08833,4.532518,39.524396,1.662426,28.516031,9.345939,3.229199,0.088649
2004-09-01,166.03342,33.903013,20.685625,13.217388,80.992452,8.62606,6.969936,49.215905,11.98046,4.200091,49.259221999999994,2.568155,37.045182,9.645885,1.739294,0.139439
2004-10-01,181.224611,32.172824999999996,20.645825,11.527,103.053197,18.262614,14.189016,54.621058,11.073848,4.906661,43.628598999999994,5.61543,29.736454,8.276715,2.255416,0.114574
2004-11-01,194.123605,37.712107,24.785844,12.926263,99.507928,15.926826,15.366838,52.079972,11.708561,4.425731,54.858252,5.106317,34.340715,15.41122,1.896432,0.148886
2004-12-01,187.86209199999996,39.895001,25.027266,14.867735,101.327309,15.130491,10.645075,58.04745,12.194716,5.309577,45.929424999999995,2.504177,30.725488,12.69976,0.554342,0.156015
2005-01-01,175.82310900000002,32.812923,21.099398,11.713525,91.5094,11.13882,10.008095,56.172996,9.681505,4.507984,50.472432,1.895632,34.300822,14.275978,0.952448,0.075906
2005-02-01,165.93558099999998,35.451068,23.120173,12.330895,84.984579,9.670717,7.121913,54.636827,8.563475,4.991647,43.193537,3.809872,27.505544,11.878121,2.183877,0.12252
2005-03-01,166.127866,34.598771,22.479285,12.119486,88.929657,12.876802,7.333307,53.567768,9.555204,5.596576,39.059251,6.480385,25.066346,7.51252,3.44598,0.094207
2005-04-01,195.69964000000002,39.39457,24.458453,14.936117,108.45683199999999,18.946777,6.793708,66.956756,8.529138,7.230453,44.499486000000005,2.779862,32.177393,9.542231,3.297694,0.051058
2005-05-01,194.79216699999998,40.252482,23.547659,16.704823,101.71212700000001,16.279514,8.541596,61.193288,9.345785,6.351944,51.749721,2.831319,42.742477,6.175925,1.039828,0.038009
2005-06-01,194.827517,38.2611,23.306999,14.954101,106.731009,19.07251,8.551681,63.431836,9.57348,6.101502,48.37771599999999,2.016498,34.111667,12.249551,1.385229,0.072463
2005-07-01,215.55725299999997,43.471700999999996,25.25224,18.219461,113.82835599999999,26.574398,5.652746,63.873377,10.117607,7.610228,56.867536,1.963387,41.457909,13.44624,1.320738,0.068922
2005-08-01,219.093959,46.966532,26.005702,20.96083,112.03971800000001,22.932087,5.963199,65.380886,10.235107,7.528439,58.313379000000005,2.446179,44.299733,11.567467,1.644025,0.130305
2005-09-01,206.898064,47.663767,24.357888,23.305879,107.363105,23.554069,7.401548,59.696353,9.248123,7.463012,49.342498,4.665442,32.151866,12.52519,2.37277,0.155924
2005-10-01,220.409042,47.937088,25.081484,22.855604,123.18130099999999,31.330542,15.214984,58.32942,10.824731,7.481624,47.486683,4.281855,32.803523,10.401305,1.716674,0.087296
2005-11-01,242.09052900000003,58.631398000000004,30.454244,28.177154,125.71249900000001,26.652051,15.800255,63.079698,13.952894,6.227601,56.030168,3.211309,44.183149,8.63571,1.561542,0.154922
2005-12-01,242.81270999999998,58.763807,28.068743,30.695064,116.91916099999999,20.491436,15.290833,62.768097,12.331194,6.037601,65.942536,2.63878,50.954742,12.349014,1.05397,0.133236
2006-01-01,241.53275000000002,32.510305,22.17374,10.336565,125.030209,21.459862,11.513831,72.034835,12.065988,7.955693,81.32227900000001,2.773258,48.001364,30.547657,2.459855,0.210102
2006-02-01,183.45167,30.441389,20.833463,9.607926,93.308443,15.688951,6.642831,54.745937,10.234073,5.996651,58.107309,3.021978,32.74591,22.339421,1.391675,0.202854
2006-03-01,266.32831300000004,41.928931,30.530621,11.39831,133.665251,23.046626,7.693457,83.12702,13.681735,6.116413,88.656663,3.775112,57.387046,27.494505,1.853836,0.223632
2006-04-01,229.558016,41.304208,26.330754,14.973454,110.191385,24.790742,5.421715,58.220314,14.842283,6.916331,76.804479,3.159488,51.506883,22.138108,1.013777,0.244167
2006-05-01,279.169221,48.43642,30.409533,18.026887,139.36325100000002,28.93193,10.643319,74.86086,17.774048,7.153094,89.95799799999999,2.684501,64.443192,22.830305,1.28135,0.130202
2006-06-01,252.63908500000002,40.261551,28.473657,11.787894,125.67363,20.832777,8.589293,74.210765,14.553762,7.487033,85.452977,2.793645,56.025101,26.634231,1.017118,0.233809
2006-07-01,220.446758,36.999335,26.098035,10.9013,109.013346,16.363779,6.135051,65.499301,13.568679,7.446536,72.783168,3.237086,41.386276,28.159806,1.343781,0.307128
2006-08-01,243.45847299999997,40.427757,28.661312,11.766445,115.680838,19.488956,5.762002,67.615794,13.90436,8.909726,84.26394499999999,2.685452,52.931304,28.647189,2.828887,0.257046
2006-09-01,229.130053,39.799676,28.052578,11.747098,108.026907,16.846865,6.834889,65.926619,11.781928,6.636606,78.34105699999999,4.080968,44.821405,29.438684,2.486304,0.476109
2006-10-01,257.013027,43.637954,30.205595,13.432359,130.418208,20.605084,11.733361,72.909353,16.854128,8.316282,80.747353,3.344008,48.750864,28.652481,1.961811,0.247701
2006-11-01,265.578075,49.036103999999995,34.952307,14.083797,133.461557,24.412248,14.872159,71.191653,14.480282,8.505215,81.30553400000001,5.285262,49.416311,26.603961,1.445656,0.329224
2006-12-01,257.4634979999999,45.393795,29.769205,15.62459,142.89371199999997,39.816834,12.731907,70.081938,13.040372,7.222661,68.05712700000001,2.195304,41.431811,24.430012,0.87001,0.248854
2007-01-01,278.26179099999996,59.257396,29.878724,29.378672,133.483677,17.463481,12.509273,81.741596,14.698902,7.070425,83.838684,2.514188,59.305081,22.019415,1.147636,0.534398
2007-02-01,217.65677799999997,54.700838000000005,29.74569,24.955148,108.34561,15.663556,9.811674,64.658919,10.640151,7.57131,53.347725,3.799768,33.962536,15.585421,1.056933,0.205672
2007-03-01,286.19395000000003,67.316146,35.217352,32.098794,139.739684,23.971998,8.784422,83.253392,13.931437,9.798435,76.581354,5.96007,51.897726,18.723558,2.092601,0.464165
2007-04-01,261.28595799999994,61.391707999999994,30.298325,31.093383,125.97478000000001,14.573919,8.673598,79.313412,12.953635,10.460216,72.472004,5.557755,46.985043,19.929206,1.128922,0.318544
2007-05-01,302.318626,71.091591,36.091883,34.999708,146.672059,22.206272,10.231546,86.586132,17.177442,10.470667,82.195547,6.836452,58.894489,16.464606,2.073633,0.285796
2007-06-01,269.005271,63.233982999999995,31.470971,31.763012,140.158225,17.061582,12.626602,85.643615,15.390595,9.435831,63.373551,4.623086,41.022298,17.728167,1.981531,0.257981
2007-07-01,298.568822,65.534898,32.610122,32.924776,147.613492,15.860671,9.078747,94.057421,18.859187,9.757466,83.284997,4.124917,58.940742,20.219338,1.878718,0.256717
2007-08-01,334.04128699999995,76.651253,38.067849,38.583404,166.392972,22.926172,10.601726,100.951268,21.025964,10.887842,87.57887,5.617364,60.914322,21.047184,2.989062,0.42913
2007-09-01,299.946431,69.523713,33.6255,35.898213,143.172594,23.34235,11.072528,81.772157,18.325298,8.660261,83.282845,8.428982,50.563053,24.29081,3.579876,0.387403
2007-10-01,356.755808,83.357629,39.792947,43.564682,176.30028299999998,30.34231,16.381674,95.26557,23.032899,11.27783,94.342781,7.250008,67.036375,20.056398,2.207345,0.54777
2007-11-01,337.59537800000004,80.091407,40.666007,39.4254,168.902219,34.42887,17.839355,85.674137,21.965848,8.994009,86.469058,7.085946,63.082945,16.300167,1.549036,0.583658
2007-12-01,346.32164400000005,84.57732200000001,40.419995,44.157327,173.140232,42.594708,19.080894,85.149846,17.579228,8.735556,85.664817,3.957508,61.283871,20.423438,2.41845,0.520823
2008-01-01,355.805963,81.816529,38.788728,43.027801,170.752442,24.003166,17.206869,98.657297,21.50716,9.37795,99.375306,4.477384,72.646672,22.25125,3.344644,0.517042
2008-02-01,322.0876610000001,73.156774,39.741063,33.415711,161.022477,27.433404,14.457433,89.561995,19.214176,10.355469,81.3754,6.429526,59.085786,15.860088,6.156398,0.376612
2008-03-01,359.440202,87.405317,45.982462,41.422855,174.38506199999998,30.19098,12.60267,102.32875,20.671609,8.591053,86.704125,7.603955,56.304644,22.795526,10.523622,0.422076
2008-04-01,392.086967,91.447363,43.87317,47.574193,198.55539600000003,50.584843,17.279043,96.693202,23.093204,10.905104,98.08305,6.918332,62.992555,28.172163,3.613586,0.387572
2008-05-01,436.183319,90.303985,44.705133,45.598852,219.791182,48.242551,15.601161,119.981295,24.463337,11.502838,119.749577,7.324943,85.873582,26.551052,5.947188,0.391387
2008-06-01,426.95483800000005,92.704636,45.153231,47.551405,221.778381,56.176878,11.598235,117.956071,25.315683,10.731514,106.52719099999999,6.037847,74.67902,25.810324,5.58987,0.35476
2008-07-01,529.611787,106.606345,52.110601,54.495744,255.90248800000003,50.248614,17.321086,144.232985,31.179835,12.919968,162.876354,9.294623,108.489517,45.092214,3.742248,0.484352
2008-08-01,460.3325749999999,91.780849,45.798895,45.981954,257.36744899999997,61.295617,16.394995,136.651414,30.187064,12.838359,100.55316499999999,9.21949,66.088588,25.245087,10.143575,0.487537
2008-09-01,408.08241399999997,87.896446,40.752017,47.144429,215.996189,56.754099,12.674093,108.243779,28.109321,10.214897,99.778464,6.046201,70.291031,23.441232,3.783718,0.627597
2008-10-01,538.756193,121.640586,60.442586,61.198,279.806217,68.90186,29.450216,137.232795,32.233384,11.987962,131.048386,17.105334,84.468061,29.474991,5.559916,0.701088
2008-11-01,433.329584,93.75948299999999,46.973732,46.785751,225.48241699999997,54.015356,22.657194,113.806266,25.248497,9.755104,111.775874,9.301165,76.884765,25.589944,1.879202,0.432608
2008-12-01,437.49594999999994,100.190647,49.711219,50.479428,218.202821,27.512854,23.673827,128.157203,27.751308,11.107629,117.247004,7.537309,84.324111,25.385584,1.4906,0.364878
2009-01-01,393.484851,73.005781,44.67467,28.331111,205.413616,33.77515,20.620262,117.775818,22.775224,10.467162,110.635627,3.890103,81.015896,25.729628,4.046647,0.38318
2009-02-01,317.35516100000007,59.969964000000004,39.12581,20.844154,164.79242900000003,28.548297,12.694057,95.75534,18.950119,8.844616,88.29017199999998,5.237,67.670284,15.382888,3.924589,0.378007
2009-03-01,367.08394,67.001074,40.050953,26.950121,181.23064,27.045856,17.986839,106.671683,19.96943,9.556832,115.001904,7.020095,70.009744,37.972065,3.433492,0.41683
2009-04-01,334.619025,59.929641,35.469711,24.45993,163.08032100000003,22.677873,14.808978,96.493029,18.622902,10.477539,106.41331,6.15275,79.569766,20.690794,4.790299,0.405454
2009-05-01,331.011771,67.374225,38.596318,28.777907,171.387667,31.9255,19.179365,89.79023,21.567985,8.924587,87.798304,4.161118,59.50949,24.127696,3.925661,0.525914
2009-06-01,335.02275000000003,64.362877,38.053715,26.309162,169.223905,27.13023,16.949458,97.921914,19.312372,7.909931,99.09038600000001,6.222409,64.255609,28.612368,1.991464,0.354118
2009-07-01,388.43298599999997,83.940009,47.373577,36.566432,199.95337899999998,53.582384,15.187003,95.834031,23.688198,11.661763,100.802924,7.88774,69.064625,23.850559,3.104095,0.632579
2009-08-01,369.941644,74.83513500000001,41.453725,33.38141,181.941687,40.17438,11.571189,95.388199,24.399833,10.408086,106.56895499999999,6.595466,66.267681,33.705808,6.101498,0.494369
2009-09-01,399.29094399999997,82.99669499999999,44.458113,38.538582,207.29469199999997,54.64539,15.821379,93.552061,32.995181,10.280681,97.258603,6.827029,60.14805,30.283524,11.045461,0.695493
2009-10-01,454.80283699999995,93.30763400000001,48.044293,45.263341,250.82314499999998,79.241306,20.911406,106.773326,32.914249,10.982858,101.411921,10.103723,66.455313,24.852885,8.667084,0.593053
2009-11-01,433.410325,98.46160499999999,49.069341,49.392264,191.316719,29.280627,24.942447,100.752171,28.225352,8.116122,131.766983,7.210808,78.366031,46.190144,11.27278,0.592238
2009-12-01,452.92358100000007,102.791086,50.568239,52.222847,218.570708,42.14237,27.583085,107.475056,32.100503,9.269694,128.874403,6.001598,90.13384,32.738965,2.039223,0.648161
2010-01-01,401.57466,70.76816400000001,38.017169,32.750995,207.883221,67.22484,22.645172,86.819347,21.692762,9.5011,120.49336,5.987143,94.78976,19.716457,1.920749,0.509166
2010-02-01,339.50421100000005,67.264554,41.918245,25.346309,188.82431400000002,51.503232,13.182387,93.157361,23.017613,7.963721,80.96413899999999,9.665997,57.643313,13.654829,2.025865,0.425339
2010-03-01,461.587168,87.77023299999999,53.889469,33.880764,248.077222,65.555524,17.044431,126.432451,26.930588,12.114228,123.73161400000001,9.488186,92.893994,21.349434,1.323231,0.684868
2010-04-01,434.714107,85.76970299999999,51.049713,34.71999,214.317602,44.539339,16.110775,117.732969,24.910021,11.024498,106.485449,9.122595,76.797859,20.564995,27.585382,0.555971
2010-05-01,475.310065,94.74414999999999,56.642514,38.101636,245.64469499999998,74.836276,17.752787,114.61663,27.17046,11.268542,132.19238900000002,6.343062,96.723864,29.125463,2.347963,0.380868
2010-06-01,435.706318,96.131224,54.893067,41.238157,229.04743499999998,50.256844,17.445787,124.287284,25.751761,11.305759,109.17799500000001,5.764246,75.304287,28.109462,0.862994,0.48667
2010-07-01,467.463562,106.18175600000001,58.614448,47.567308,241.419655,42.13885,25.50625,133.696325,26.786589,13.291641,117.90137999999999,7.008929,81.161187,29.731264,1.232141,0.72863
2010-08-01,452.687864,104.21280999999999,59.580877,44.631933,214.38012799999998,40.00426,12.843742,121.384384,27.218924,12.928818,128.73167899999999,8.800241,89.960917,29.970521,4.900492,0.462755
2010-09-01,535.7372710000001,114.93862100000001,65.924861,49.01376,243.494663,44.47928,19.142457,135.694741,29.722383,14.455802,174.16134599999998,10.228507,93.859245,70.073594,2.539033,0.603608
2010-10-01,481.145025,113.781116,60.807859,52.973257,243.903705,50.868271,19.57461,131.008882,25.814569,16.637373,120.946006,11.194104,82.102616,27.649286,1.951216,0.562982
2010-11-01,527.8498740000001,123.89418599999999,70.103245,53.790941,261.131457,63.866091,28.607741,127.153509,28.456451,13.047665,140.112213,10.762192,102.212223,27.137798,2.057228,0.65479
2010-12-01,590.593789,135.16909099999998,68.810006,66.359085,264.37908300000004,53.943545,31.210971,139.524234,28.537234,11.163099,189.850307,12.122394,140.127112,37.600801,0.412489,0.782819
2011-01-01,511.428432,107.450811,58.717803,48.733008,267.964165,56.669974,16.902221,141.946961,39.201958,13.243051,133.534195,8.312886,102.773858,22.447451,1.999725,0.479536
2011-02-01,482.69111599999997,103.798148,60.097291,43.700857,249.75300900000002,46.644198,29.47538,128.376412,31.740552,13.516467,125.57404400000001,7.085395,98.927277,19.561372,2.854743,0.711172
2011-03-01,612.063597,135.699977,83.720294,51.979683,325.098884,81.615958,26.95681,172.346407,30.394032,13.785677,147.872496,13.715743,111.002509,23.154244,2.614866,0.777374
2011-04-01,581.457124,129.267845,79.248046,50.019799,305.965894,97.717737,17.15768,147.887428,28.511675,14.691374,144.522896,10.530705,113.102154,20.890037,1.121846,0.578643
2011-05-01,556.13386,131.983514,78.106386,53.877128,291.342387,75.143644,17.896479,144.925053,39.142085,14.235126,130.071921,10.655154,93.381127,26.03564,1.983268,0.75277
2011-06-01,684.4902020000001,116.63808499999999,68.075402,48.562683,370.726315,155.142846,22.172159,139.493355,36.386559,17.531396,196.349539,13.983158,109.699906,72.666475,0.370485,0.405778
2011-07-01,698.433174,153.38032800000002,70.374149,83.006179,325.41173899999995,100.303041,19.915324,150.624543,39.933814,14.635017,218.62831900000003,14.145022,174.071818,30.411479,0.434416,0.578372
2011-08-01,752.028681,195.676152,79.294199,116.381953,352.342576,99.78108,20.203521,170.319903,44.983497,17.054575,200.86068799999998,22.031046,131.685667,47.143975,2.602992,0.546273
2011-09-01,770.6197219999999,199.902968,83.412262,116.490706,341.45782599999995,100.320548,27.785746,154.113104,40.177509,19.060919,226.63363600000002,16.47241,145.559153,64.602073,1.836056,0.789236
2011-10-01,732.3917309999999,185.674892,80.210124,105.464768,318.374059,69.34513,33.656036,156.453607,41.708087,17.211199,224.32241799999997,18.52827,138.112821,67.681327,3.236308,0.784054
2011-11-01,768.7305190000001,188.474323,84.043488,104.430835,321.691365,68.053463,36.554934,160.156767,39.076111,17.85009,256.507824,17.97317,166.132645,72.402009,1.425255,0.631752
2011-12-01,785.2774230000001,169.55017800000002,84.183859,85.366319,373.76544,112.483733,30.220761,168.510853,43.179619,19.370474,240.470146,17.2554,165.659359,57.555387,0.432782,1.058877
2012-01-01,634.6565469999999,124.09976900000001,64.34654,59.753229,329.42938,103.195488,21.498696,149.254788,39.004486,16.475922,165.35648500000002,17.024262,113.243081,35.089142,15.213632,0.557281
2012-02-01,617.673249,130.652363,72.293644,58.358719,299.354503,68.148092,21.290835,153.032477,38.6942,18.188899,185.436462,25.727018,108.746033,50.963411,1.525462,0.704459
2012-03-01,706.8371020000002,153.187476,86.231598,66.955878,342.6652,83.72073,30.595704,167.55736,40.463965,20.327441,205.55218000000002,26.318631,144.635828,34.597721,4.859994,0.572252
2012-04-01,622.5443190000001,125.359058,71.423003,53.936055,336.765671,130.954295,18.369884,137.57722,34.136193,15.728079,156.94976400000002,15.335789,107.366443,34.247532,2.806339,0.663487
2012-05-01,768.028925,158.42235,87.884187,70.538163,374.497061,130.917362,18.989169,172.99937,31.160672,20.430488,232.87812499999998,15.954759,178.133568,38.789798,1.604369,0.62702
2012-06-01,618.2965939999999,142.24291599999998,82.848554,59.394362,291.599382,64.146575,19.170537,159.829503,29.012626,19.440141,179.815477,15.130296,125.550396,39.134785,4.07039,0.568429
2012-07-01,727.861147,161.562681,89.475485,72.087196,363.48232,121.974836,20.590907,163.223785,35.140466,22.552326,195.174477,15.482309,140.985043,38.707125,7.114837,0.526832
2012-08-01,760.7611760000001,169.90135099999998,99.591991,70.30936,384.90611700000005,105.820429,22.621315,192.091608,37.265669,27.107096,202.917932,15.138352,149.579163,38.200417,2.336721,0.699055
2012-09-01,647.149225,153.162463,83.035233,70.12723,295.812001,53.653236,21.869918,162.950007,35.322189,22.016651,191.234162,15.321463,119.863482,56.049217,6.184936,0.755663
2012-10-01,828.69685,189.57957800000003,104.069032,85.510546,423.659652,128.619899,35.764716,175.212622,57.374749,26.687666,209.258207,21.946868,130.580455,56.730884,5.220036,0.979377
2012-11-01,799.6699509999999,180.111084,94.821979,85.289105,398.10736699999995,132.364916,39.16793,164.904891,40.851883,20.817747,214.144697,21.025518,145.591412,47.527767,6.501634,0.805169
2012-12-01,857.9111610000001,194.024494,99.916316,94.108178,363.370493,94.909085,39.565473,165.042728,40.753137,23.10007,292.88484700000004,18.626001,202.597001,71.661845,6.809886,0.821441
2013-01-01,789.106918,171.31028700000002,93.3733,77.936987,374.360723,102.125677,28.415311,177.412812,39.535736,26.871187,239.14055299999998,21.453598,160.91006,56.776895,3.61559,0.679765
2013-02-01,638.3973639999999,143.68055900000002,77.345461,66.335098,289.65635599999996,51.410364,24.345467,155.856853,36.899639,21.144033,202.406624,18.597543,144.658683,39.150398,2.076642,0.577183
2013-03-01,767.888042,167.22297600000002,90.822286,76.40069,396.54686899999996,126.545859,28.268018,177.138593,38.907462,25.686937,196.495238,19.405566,135.069587,42.020085,7.195192,0.427767
2013-04-01,787.156941,174.269272,92.166629,82.102643,355.34532,91.792153,26.657525,171.603522,43.102444,22.189676,252.308336,15.803047,180.777973,55.727316,4.419487,0.814526
2013-05-01,819.8457169999999,172.02385900000002,95.240972,76.782887,404.840881,131.267817,24.185023,185.989833,39.737532,23.660676,240.05060500000002,11.26863,182.863865,45.91811,2.491548,0.438824
2013-06-01,643.2782430000001,148.208986,81.637798,66.571188,310.727724,64.627088,22.239413,167.080401,33.513155,23.267667,179.376448,14.76499,119.803279,44.808179,4.541429,0.423656
2013-07-01,794.2173620000001,175.359307,93.673645,81.685662,386.471846,109.072058,22.794337,184.304457,41.927344,28.37365,228.94298899999998,10.132833,167.50318,51.306976,2.905942,0.537278
2013-08-01,890.8189200000002,172.750655,95.778924,76.971731,442.7507540000001,160.328324,26.653769,186.63086,44.175737,24.962064,269.245164,12.376381,200.467201,56.401582,5.531563,0.540784
2013-09-01,766.7807600000001,174.19349,94.476227,79.717263,313.371661,65.389269,35.618064,149.967748,39.569337,22.827243,275.881482,13.325486,206.925821,55.630175,2.61418,0.719947
2013-10-01,924.2401430000001,214.919763,112.417261,102.502502,446.79165300000005,120.066485,48.032527,201.317475,50.317869,27.057297,259.663346,22.464725,176.208775,60.989846,2.098616,0.766765
2013-11-01,856.5179880000001,180.54867000000002,96.928031,83.620639,388.96036699999996,104.818057,49.771329,167.452691,41.895617,25.022673,282.510706,18.620899,208.005286,55.884521,4.03556,0.462685
2013-12-01,1020.7974810000001,220.65505000000002,102.088001,118.567049,389.164563,116.375254,41.032952,160.940094,48.087702,22.728561,400.819756,15.703716,278.113919,107.002121,9.507596,0.650516
2014-01-01,843.914139,173.587839,82.327438,91.260401,378.616858,92.738199,35.135884,175.149918,53.255899,22.336958,287.974289,18.394649,213.235745,56.343895,2.997634,0.737519
2014-02-01,828.0929839999999,166.060501,89.372959,76.687542,382.035632,114.684248,26.693194,175.982707,41.629248,23.046235,275.635969,13.824143,223.647044,38.164782,3.854665,0.506217
2014-03-01,755.7147920000001,161.546083,86.466512,75.079571,351.33497100000005,82.339975,22.910494,180.37525,40.63564,25.073612,239.786278,19.231928,164.761326,55.793024,2.50014,0.54732
2014-04-01,814.1036509999999,167.486737,91.554726,75.932011,383.00638799999996,88.537414,28.069169,186.760596,55.760611,23.878598,259.884717,18.253409,189.639646,51.991662,3.372269,0.35354
2014-05-01,800.632865,180.762478,95.733565,85.028913,369.620158,69.121526,26.396353,182.782595,63.140826,28.178858,247.701021,14.647055,191.738788,41.315178,2.023948,0.52526
2014-06-01,786.879051,173.684868,92.35841,81.326458,374.3182,96.757128,27.017756,170.48374,56.976443,23.083133,235.33838300000002,14.03375,171.640678,49.663955,3.087258,0.450342
2014-07-01,988.8671730000001,198.259279,104.942233,93.317046,433.75848,114.180098,26.086177,195.374565,66.70952,31.40812,351.108655,19.337605,246.297279,85.473771,5.148623,0.592136
2014-08-01,955.789428,176.05127900000002,89.80379,86.247489,424.88696100000004,108.972102,20.675508,194.960561,45.191503,55.087287,350.809144,21.846838,230.783846,98.17846,3.527813,0.514231
2014-09-01,972.3073420000001,198.75075099999998,105.901339,92.849412,427.990149,111.814424,28.763593,213.673076,45.212733,28.526323,339.216046,18.984663,257.98748,62.243903,5.806092,0.544304
2014-10-01,1081.1245470000001,215.918419,108.601354,107.317065,520.68108,173.705896,48.736033,217.846315,50.189619,30.203217,341.303667,21.751702,252.056131,67.495834,2.554016,0.667365
2014-11-01,896.4783779999999,200.550343,106.77294,93.777403,375.24132099999997,67.986723,40.960791,192.384131,44.900641,29.009035,316.602267,23.382346,197.777255,95.442666,3.48863,0.595817
2014-12-01,950.196562,222.898337,112.061632,110.836705,426.87484400000005,94.724139,45.990602,199.357152,53.010557,33.792394,294.689927,22.022378,197.762067,74.905482,5.251364,0.48209
2015-01-01,770.9891,183.654143,87.835243,95.8189,333.04031799999996,62.445483,26.966756,172.009438,44.21862,27.400021,249.984062,15.872329,162.755458,71.356275,3.839143,0.471434
2015-02-01,793.751305,163.640127,84.152772,79.487355,359.779615,109.431184,23.288496,158.957387,42.250594,25.851954,265.155707,15.793988,201.288658,48.073061,4.730724,0.445132
2015-03-01,871.117112,191.318009,104.668111,86.649898,379.84088800000006,76.552085,27.565764,198.865427,45.834609,31.023003,294.890895,20.665239,190.352967,83.872689,4.340353,0.726967
2015-04-01,767.052277,172.115296,98.254758,73.860538,327.309219,56.949057,27.085654,175.300978,44.689461,23.284069,263.938329,13.703666,190.071099,60.163564,2.927577,0.761856
2015-05-01,779.601054,166.68896999999998,88.651761,78.037209,344.69556,83.649282,21.900585,166.428652,47.079421,25.63762,266.701892,12.244342,186.706009,67.751541,0.920148,0.594484
2015-06-01,753.3992470000001,156.16784,87.934625,68.233215,356.06691800000004,63.170703,35.684018,189.459401,40.816453,26.936343,236.40688699999998,11.75038,179.621401,45.035106,4.431021,0.326581
2015-07-01,860.995349,187.41511300000002,103.775075,83.640038,438.71125100000006,165.768214,23.429665,179.260592,43.427131,26.825649,225.813141,12.932221,171.764484,41.116436,8.568181,0.487663
2015-08-01,760.445973,177.415229,97.348389,80.06684,296.048551,53.079074,24.682405,156.34858,37.107118,24.831374,278.800384,13.093158,200.849541,64.857685,7.744218,0.437591
2015-09-01,801.4716400000001,201.44478900000001,111.001569,90.44322,352.42636600000003,73.897338,32.915508,175.674526,43.79761,26.141384,240.061003,11.626555,161.750538,66.68391,7.11843,0.421052
2015-10-01,893.218456,199.969674,103.12603,96.843644,394.39534,104.473412,34.899026,189.063133,41.058734,24.901035,293.737128,16.215458,208.3868,69.13487,4.624281,0.492033
2015-11-01,789.6903380000001,191.273997,97.742088,93.531909,359.36097300000006,104.51115,36.757747,158.66827,34.41687,25.006936,234.974278,11.030681,161.60667,62.336927,3.627805,0.453285
2015-12-01,1001.3462000000001,235.045547,107.143483,127.902064,434.31638100000004,146.694935,47.131953,171.695525,44.128216,24.665752,329.236405,12.22239,211.113026,105.900989,2.176603,0.571264
2016-01-01,689.669461,155.06115,73.712588,81.348562,274.02997700000003,42.937611,25.165445,136.908622,42.874253,26.144046,258.82305399999996,6.922272,162.189202,89.71158,1.299044,0.456236
2016-02-01,635.7039520000001,151.32775,79.506763,71.820987,261.193633,40.481927,23.054633,138.372988,38.446904,20.837181,221.124095,9.478843,151.3632,60.282052,1.635714,0.42276
2016-03-01,696.3399139999999,189.09454799999997,108.042116,81.052432,314.620637,49.283466,23.279662,169.915286,48.339144,23.803079,188.160741,10.975269,140.625288,36.560184,3.889725,0.574263
2016-04-01,670.006128,165.40153800000002,93.97438,71.427158,283.027571,32.192676,27.142142,159.462597,41.216004,23.014152,218.671743,8.465895,159.416442,50.789406,2.15325,0.752026
2016-05-01,684.54666,171.070152,97.82409,73.246062,304.13876099999993,57.037538,22.729768,161.988971,39.032396,23.350088,203.224435,7.921314,149.728992,45.574129,5.781917,0.331395
2016-06-01,711.671503,167.193152,96.361119,70.832033,341.27448499999997,75.465886,29.77502,161.922214,49.029205,25.08216,201.87737299999998,11.266437,148.079499,42.531437,0.817438,0.509055
2016-07-01,739.5653709999999,177.94306899999998,93.913546,84.029523,298.16126399999996,64.953875,19.871406,147.77444,38.96819,26.593353,255.351847,10.139003,142.746064,102.46678,7.818917,0.290274
2016-08-01,695.832213,178.19849499999998,92.21058,85.987915,311.50883799999997,52.243065,19.904307,169.833988,44.995836,24.531642,196.90062,8.66898,133.441852,54.789788,8.875124,0.349136
2016-09-01,716.0956239999999,178.43662799999998,98.552371,79.884257,336.59770999999995,72.499557,27.366759,170.531613,42.580134,23.619647,196.255097,7.107799,146.984347,42.162951,4.216494,0.589695
2016-10-01,713.0675269999999,163.160212,84.574466,78.585746,362.70257899999996,108.272987,33.43147,163.132318,37.595242,20.270562,182.527987,9.210297,127.912049,45.405641,4.278298,0.398451
2016-11-01,759.2113599999999,187.287241,103.699368,83.587873,366.11747399999996,81.382685,40.125651,183.749286,39.516038,21.343814,201.86699,7.800108,149.903163,44.163719,3.491172,0.448483
2016-12-01,852.1012060000002,219.386076,108.556012,110.830064,360.77665900000005,88.966127,39.063412,170.713514,38.530233,23.503373,269.01223799999997,7.742249,191.748855,69.521134,2.475896,0.450337
2017-01-01,710.8405720000002,175.452841,84.864895,90.587946,328.70594500000004,58.696905,32.538892,170.880555,40.737561,25.852032,201.218645,6.03761,148.71955,46.461485,5.145741,0.3174
2017-02-01,715.762156,160.17267800000002,84.796096,75.376582,315.730436,74.964169,25.657076,154.763598,34.169038,26.176555,234.89271399999998,11.129541,182.095946,41.667227,4.744835,0.221493
2017-03-01,827.9913620000001,196.008114,107.897649,88.110465,391.79767000000004,93.991651,33.92555,189.450538,46.130244,28.299687,230.33815,9.697584,168.752881,51.887685,9.439209,0.408219
2017-04-01,673.044464,166.532104,92.442461,74.089643,288.91353,37.359937,22.312023,155.919314,45.925754,27.396502,212.632595,10.141222,161.289872,41.201501,4.594845,0.37139
2017-05-01,807.160293,195.77022,110.402576,85.367644,348.640319,80.95033,22.06117,175.809022,45.074676,24.745121,258.517687,9.691757,170.23486,78.59107,3.881963,0.350104
2017-06-01,729.3929169999999,178.725915,90.033421,88.692494,311.77184500000004,57.237085,24.529103,175.124154,31.851962,23.029541,233.012419,13.610629,176.533275,42.868515,5.552027,0.330711
2017-07-01,739.1113819999999,188.548904,95.381347,93.167557,325.665383,74.687509,25.007115,159.933753,38.692936,27.34407,222.225115,13.052687,155.929595,53.242833,2.506165,0.165815
2017-08-01,871.2804729999998,209.69397099999998,101.446991,108.24698,397.625409,113.011359,28.887808,183.294782,47.113511,25.317949,258.020513,15.801401,186.01354,56.205572,5.52874,0.41184
2017-09-01,825.049357,205.190154,107.02418,98.165974,345.13865899999996,91.792978,32.189214,156.316546,38.698821,26.1411,272.473253,11.337374,205.064553,56.071326,1.945017,0.302274
2017-10-01,788.039373,217.348466,100.74991,116.598556,361.78646000000003,59.111094,50.666539,184.576733,42.371577,25.060517,206.14632,11.739126,151.022577,43.384617,2.295276,0.462851
2017-11-01,832.850553,203.48516,113.398222,90.086938,385.715592,79.522073,47.441951,183.819876,49.697127,25.234565,239.898468,9.16433,174.745912,55.988226,3.357699,0.393634
2017-12-01,853.1658060000001,201.74526300000002,105.47902,96.266243,405.000537,116.222271,44.504691,180.562979,40.379802,23.330794,245.279713,8.470385,190.249611,46.559717,0.818517,0.321776
2018-01-01,850.735013,177.23755499999993,95.79727399999994,81.44028099999997,379.20922600000017,81.925158,40.725652,183.78461700000017,47.91706199999997,24.856736999999995,291.42255099999994,13.454146999999999,236.14577999999995,41.822623999999976,2.7475959999999993,0.11808499999999997
2018-02-01,673.1454540000001,153.05215000000004,83.557174,69.49497600000004,282.90961100000027,48.256789999999995,28.63193,148.4824680000002,36.80203000000004,20.736393000000003,236.54097499999978,14.719655,187.48526799999976,34.336052000000024,0.27883399999999997,0.363884
2018-03-01,763.020691,178.2214970000001,104.10474200000009,74.11675500000003,346.65771899999993,60.929965,32.59813200000001,182.16597799999994,46.06934800000001,24.89429599999999,237.20075599999998,11.228590999999996,193.756443,32.215722,0.5269539999999997,0.413765
2018-04-01,808.7864340000001,174.67541999999995,98.10110699999996,76.57431299999999,397.96860700000025,139.10426500000005,32.092352999999996,162.75321500000015,42.72819999999999,21.290574000000003,235.588539,10.406773000000001,187.223489,37.95827699999998,0.24022499999999997,0.31364300000000006
2018-05-01,757.0916820000002,187.88762300000005,97.96932800000005,89.918295,344.97083800000013,58.084003000000024,35.802903,183.67789700000014,43.81612499999999,23.589909999999986,215.25985099999997,9.910786999999997,167.18140599999998,38.16765799999998,8.648537999999999,0.32483199999999995
2018-06-01,792.7340150000002,162.21338700000007,86.64068200000008,75.572705,323.0888600000001,71.93759500000002,22.588497000000007,166.93551000000008,39.597657999999996,22.029600000000013,301.0835840000002,11.301480999999997,249.5216000000002,40.26050299999996,6.052728999999999,0.2954549999999999
2018-07-01,827.7728399999999,198.69610699999987,100.41199399999985,98.284113,374.20256900000004,88.62831900000003,25.681436,185.15834800000005,48.034885999999986,26.699579999999997,254.33950700000003,11.057208,203.79804900000005,39.48424999999998,0.24904800000000002,0.28560900000000006
2018-08-01,863.0128070000001,191.8372090000001,103.81963000000007,88.01757900000003,413.49576400000007,104.529423,34.107777000000006,197.41928600000003,51.09699200000001,26.342286000000005,256.5094999999999,11.489096999999997,213.77503799999988,31.245365,0.9579379999999998,0.212396
2018-09-01,743.8721879999997,171.64030899999995,97.73817999999996,73.902129,369.8124039999999,111.04739999999998,31.924840999999997,164.23732199999995,40.73515999999999,21.867680999999997,201.73911900000002,11.682769000000002,163.51099000000002,26.54536,0.3112859999999999,0.3690699999999999
2018-10-01,1030.3058879999999,218.540069,125.79708,92.742989,540.288953,202.75180400000005,50.37128200000001,206.848469,53.04613399999998,27.271264000000013,270.82192799999996,18.501575000000003,221.62386399999994,30.696489000000007,0.2546200000000001,0.400318
2018-11-01,940.2527819999998,215.42359700000003,114.42656300000002,100.99703400000001,498.4933779999998,170.12136899999993,42.51667699999999,200.00493499999982,61.47201400000003,24.378383000000003,219.82510300000007,15.787281999999998,162.16347800000005,41.87434300000001,6.2567689999999985,0.253935
2018-12-01,951.1820799999999,205.39345800000004,100.79497800000001,104.59848000000002,438.44355899999994,126.257297,49.60801399999999,186.55818199999996,52.425731999999996,23.594333999999996,303.17220799999984,10.977526,253.82039399999982,38.374288000000014,4.009913000000001,0.16294200000000003
2019-01-01,899.232258,195.97333000000003,97.435981,98.53734900000002,477.365683,149.242015,36.019957,210.48519499999998,54.28396,27.334556000000003,222.73631699999999,19.615543000000002,168.65280899999996,34.46796500000001,2.988836,0.168092
2019-02-01,840.3321559999998,199.854238,96.180494,103.673744,409.60825599999987,117.44129099999999,28.250572,188.3462969999999,49.765024,25.805072,229.595133,21.432365,179.094613,29.068155,1.113667,0.160862
2019-03-01,718.1012740000001,169.877225,89.43353799999998,80.44368700000001,383.32637100000005,127.328625,26.413877,169.15519500000005,34.437434,25.99124,164.336272,12.638788,118.03615800000001,33.661326,0.27636499999999997,0.285041
2019-04-01,794.7981419999998,205.68762099999995,97.40219199999997,108.28542899999998,405.379175,129.614955,23.669879,188.576404,38.228078,25.289859000000003,175.30094499999998,14.834214,126.25760799999999,34.209123,8.338847999999999,0.091553
2019-05-01,926.2450640000002,195.50439300000005,106.79462900000001,88.70976400000002,509.133465,221.09586399999998,25.897503999999998,196.6284,38.645209,26.866488,213.234277,11.600846999999998,169.010357,32.623073,8.153645000000001,0.219284
2019-06-01,768.313156,197.264074,85.33370299999997,111.93037100000001,360.50958099999997,102.495813,24.638413,166.54048999999995,42.820299000000006,24.014566000000002,210.09040999999993,16.657638,167.03322899999995,26.399543000000005,0.29280199999999995,0.156289
2019-07-01,816.8777370000001,199.96990100000005,105.027555,94.94234600000003,413.30910300000005,116.855373,25.559611,190.84295100000006,49.852497,30.198671,203.00452600000006,16.773418,151.98822300000006,34.242884999999994,0.317541,0.276666
2019-08-01,862.2335270000002,200.515671,99.43066599999997,101.08500500000001,408.4206260000001,111.997584,26.769776,193.08355500000008,48.071887000000004,28.497823999999994,252.69747099999995,16.638399,173.76136799999998,62.297703999999996,0.31699,0.282769
2019-09-01,739.610716,184.85679200000004,91.517176,93.33961600000002,347.45140999999995,74.223196,29.350035,171.884729,48.670367,23.323083,206.63460999999995,20.619592,138.88108399999993,47.133933999999996,0.319932,0.347972
2019-10-01,783.532858,192.13245900000004,101.04229900000001,91.09016000000003,406.7401089999999,112.64174999999999,39.456951,178.97450099999995,51.03726399999999,24.629643000000005,184.01367900000002,15.377326,134.45329,34.183063,0.304159,0.342452
2019-11-01,642.6744139999998,130.194242,80.64101699999999,49.553225000000005,292.263452,102.690736,22.635659,121.19395699999998,29.819129,15.923971000000002,219.85196799999994,13.467077999999999,138.52680799999996,67.85808200000001,0.199175,0.165577
2019-12-01,1032.418161,258.35892500000006,136.14280900000006,122.216116,554.5341639999999,202.85625600000003,74.274884,198.81155199999998,48.156386000000005,30.435086,219.0459850000001,12.669219,149.88476500000007,56.492001,0.245307,0.23378
2020-01-01,775.1116419999998,198.915573,98.95216000000002,99.96341299999996,348.4004120000001,48.688962,32.297174000000005,188.95280300000005,54.824566999999995,23.636906000000003,227.374067,18.393544,148.840843,60.13968,0.180856,0.240734
2020-02-01,641.455194,161.12424299999998,82.47998099999998,78.644262,317.250201,67.496613,30.805144,157.61316900000006,39.623338,21.711937,162.51438200000004,19.945767000000004,99.75225100000003,42.816364,0.26538799999999996,0.30098
2020-03-01,556.052976,155.51997,85.481724,70.03824599999999,249.79317899999998,43.594333,21.374806999999997,139.95857099999998,26.670213000000004,18.195255,150.347776,14.759624999999998,113.94532600000002,21.642825000000002,0.14965099999999998,0.2424
2020-04-01,283.9432309999999,82.846755,66.00402799999999,16.842727000000004,122.482761,2.155204,17.44196,86.08214899999999,7.849777999999999,8.95367,78.57793400000001,3.2771109999999997,74.11737400000001,1.183449,0.005520000000000001,0.030261
2020-05-01,396.176146,114.61038899999997,79.27889099999999,35.331497999999975,182.81143,3.818432,20.100494,122.16054299999998,19.801014000000002,16.930947000000003,98.63891500000003,4.953456,72.32500100000003,21.360457999999998,0.028187,0.087225
2020-06-01,523.72564,142.35534899999996,94.16513799999997,48.190211,264.51075000000003,65.22202999999999,24.818742999999998,129.962064,27.724397999999994,16.783515,116.73354500000002,10.823994999999998,95.87580800000002,10.033742,0.051296,0.0747
2020-07-01,561.9595240000001,176.100801,107.476428,68.624373,258.373306,43.309642999999994,29.274725,146.66080000000002,24.47877,14.649368,127.27631100000005,8.954999999999998,100.91985400000006,17.401457,0.062797,0.146309
2020-08-01,485.3580630000001,148.05421500000003,85.010934,63.043281000000015,207.53065899999996,16.182869,24.823773999999993,125.23380599999997,25.091172,16.199038,129.56740000000002,9.875984,103.26493400000001,16.426481999999996,0.040829,0.16496
2020-09-01,625.112394,181.633152,107.08470100000001,74.54845099999999,313.90530400000006,65.793986,43.71590000000001,146.81615700000006,38.15080299999999,19.428458,129.250636,11.205644000000001,100.40263899999997,17.642353,0.151491,0.171811
2020-10-01,695.0298859999997,177.79891899999996,102.41024899999996,75.38866999999998,375.92432899999983,117.150771,52.630157000000004,148.8291249999999,33.807738,23.506538,140.99638299999998,12.369232,110.78226499999998,17.844886,0.049759,0.260496
2020-11-01,598.4935250000002,164.681123,91.27918800000003,73.40193499999997,288.125014,49.860699000000004,39.37866500000001,147.97933799999998,30.644490000000005,20.261822000000002,145.29542400000005,10.672324,110.31336300000004,24.309737000000002,0.14131100000000002,0.250653
2020-12-01,812.8456410000002,182.244141,98.344235,83.899906,470.195238,207.335263,35.417252000000005,170.43235400000006,31.936542,25.073827,159.900274,9.817452000000001,102.34197999999999,47.740842,0.147805,0.358183
2021-01-01,576.2432919999999,136.794374,74.84135,61.953024,334.651207,108.883146,22.331324000000002,147.59883299999998,34.314962,21.52294199999999,104.48327299999995,17.496266000000002,74.44002499999995,12.546981999999998,0.191591,0.12284700000000001
2021-02-01,655.882536,149.98340100000001,82.48086700000005,67.50253399999997,307.6046060000001,63.30213099999999,24.294496000000002,156.26334200000014,43.16358200000001,20.581055000000006,197.97057099999986,14.837732,144.29686699999988,38.835972000000005,0.13343199999999997,0.19052599999999997
2021-03-01,686.3900119999997,187.96555700000005,105.17056200000002,82.79499500000001,357.429152,56.672002000000006,30.903671999999997,192.56407799999994,49.33567000000003,27.953729999999993,140.60983799999988,15.653624999999995,104.9129259999999,20.043287,0.130363,0.255102
2021-04-01,666.2024600000001,161.62177899999995,84.26752599999993,77.35425300000001,364.5041330000002,111.091572,22.476755,170.40427400000019,38.035527000000016,22.496005000000007,139.573267,15.422191000000002,104.02132499999999,20.129751000000002,0.19188100000000002,0.31139999999999995
2021-05-01,683.993544,169.78442600000005,85.60123800000001,84.18318800000003,374.912983,99.12264900000001,25.368002000000008,180.10795999999996,44.80239999999998,25.511972000000014,139.0150039999999,12.283961999999999,106.05179899999987,20.679243000000007,0.15068999999999994,0.13044100000000003
2021-06-01,760.283609,182.46702399999998,91.93312899999997,90.53389500000002,449.16512499999993,145.02729699999995,33.930115,194.89672000000002,47.206234999999964,28.10475799999999,128.36747300000002,14.806281000000004,95.21181200000001,18.34938,0.089657,0.19433
2021-07-01,754.0592160000002,172.75901900000002,89.21045899999996,83.54856000000005,436.7892950000001,145.34926600000003,26.935629999999996,182.03988700000005,56.469212999999996,25.995299,144.20445300000003,11.727255,100.64218900000003,31.835009,0.09004500000000001,0.216404
2021-08-01,746.708009,191.74281899999986,100.78480699999989,90.95801199999997,404.87054600000033,105.93788100000002,42.899730999999996,182.24608700000033,45.08142299999999,28.705424,149.67942099999985,15.032105999999994,107.02258099999986,27.624734,0.14462400000000003,0.270599
2021-09-01,772.0624230000001,191.866491,97.41691600000004,94.44957499999995,438.34121100000004,157.193254,41.458632999999985,171.84540300000006,44.00999600000002,23.833925000000015,141.504416,14.594786,96.50577799999999,30.403851999999997,0.16260199999999997,0.18770299999999995
2021-10-01,908.4470890000001,202.86013599999993,102.94698299999999,99.91315299999994,538.3516060000001,204.10788399999993,67.86789399999996,189.01423000000014,49.264762999999995,28.096835000000013,166.670106,20.525371999999997,121.952256,24.192478000000005,0.127555,0.437686
2021-11-01,858.267817,194.6010510000001,94.19412100000001,100.40693000000007,516.0323809999999,208.48851700000003,53.13869199999998,185.07406799999995,43.656636000000006,25.674467999999987,147.28578800000008,14.994299999999999,104.85342100000008,27.438066999999993,0.11697099999999999,0.23162600000000003
2021-12-01,1052.2404260000005,196.58268700000022,104.55125200000012,92.0314350000001,647.3593380000002,311.13949500000007,50.875633,206.99337400000005,50.01709500000001,28.333740999999996,207.82799500000027,21.868176999999996,161.47703000000027,24.482788,0.12017399999999999,0.35023199999999993
2022-01-01,671.2111449999996,161.0877769999999,92.79198899999987,68.29578800000003,356.3497819999998,65.25101499999998,33.417968,191.72013699999977,39.30427699999999,26.656385000000004,153.418134,18.008885999999997,113.09694300000001,22.312305000000002,0.085774,0.269678
2022-02-01,871.6327789999999,167.0809119999999,78.07170699999992,89.009205,558.0687239999999,243.59079499999999,24.99598199999999,215.96479199999993,41.81480199999999,31.702353000000002,146.08367700000002,20.996018,107.31554000000003,17.772118999999996,0.118744,0.280722
2022-03-01,881.707209,201.43680499999994,100.87720399999988,100.55960100000004,504.85616500000003,152.227051,42.02563199999999,232.679492,42.807223000000015,35.11676700000004,174.93940400000008,23.239381000000005,125.4292280000001,26.270795000000003,0.19120600000000004,0.2836290000000001
2022-04-01,904.620484,179.89705699999996,94.606294,85.29076299999994,546.1365280000002,214.76732,38.920248,216.78586500000017,42.737841,32.925254,178.28129699999994,17.086804,134.13959499999993,27.054898000000005,0.130744,0.17485800000000004
2022-05-01,922.1508999999998,195.28794100000007,108.81711500000014,86.47082599999993,547.5232589999996,184.24047400000003,40.329233,248.12645699999962,39.74529500000001,35.08180000000001,178.9098499999999,21.259016,132.6335439999999,25.01729,0.17518100000000003,0.254669
2022-06-01,1048.84494,191.67841099999995,103.99978499999999,87.67862599999997,677.411511,343.4919580000001,33.215806999999984,221.61093899999986,41.426549,37.666258000000006,179.39275499999997,30.440191000000002,121.97669699999993,26.975867000000008,0.17260600000000004,0.18965700000000002
2022-07-01,1024.0999110000002,195.78653300000008,99.20213900000002,96.58439400000007,643.2611570000001,321.2833759999999,32.979305999999994,211.74616100000028,42.10213099999999,35.15018299999999,184.79452199999986,27.975538999999994,131.13913099999988,25.679851999999993,0.052683999999999995,0.205015
2022-08-01,1154.9802069999996,215.00504500000005,117.95081200000008,97.05423299999998,683.1855539999995,303.2191599999999,55.902358,240.60868499999964,44.259242000000015,39.196109,256.52478700000006,37.759640999999995,182.08315100000007,36.681995000000015,0.158721,0.1061
2022-09-01,1193.2685480000002,210.305593,113.8416119999999,96.4639810000001,772.8548670000002,401.64572200000003,60.790347,232.17339900000022,43.96158,34.283818999999994,208.8772049999999,26.560639999999992,156.0189699999999,26.297595,0.7557810000000003,0.475102
2022-10-01,1061.988661,201.51871400000022,111.17719000000018,90.34152400000005,648.8134849999999,282.239698,67.664221,221.46323499999994,42.41278399999999,35.033547000000006,210.7180469999999,29.103948000000003,149.9596629999999,31.654435999999993,0.6049549999999999,0.3334600000000001
2022-11-01,1016.2119580000003,182.56121700000008,100.9480140000001,81.61320299999998,644.7399160000001,343.42163500000015,61.202146,184.20043799999996,26.193911000000003,29.721785999999998,188.36190500000012,15.701949000000004,149.4555610000001,23.204394999999995,0.212831,0.33608899999999997
2022-12-01,1145.128605,256.35640900000016,134.08856700000015,122.26784200000002,608.1219449999998,228.532128,67.80418999999999,229.67545499999974,42.60599699999998,39.50417500000001,279.54253000000017,38.62509200000001,195.67211800000015,45.24532000000001,0.752414,0.35530700000000004
2023-01-01,885.4951939999997,185.9371309999999,88.63653999999995,97.30059099999994,497.1060930000001,202.87396299999997,40.19107400000001,193.36331300000003,26.873187000000005,33.804556000000034,202.22221999999982,29.641846000000022,131.61732899999984,40.96304499999998,0.07825599999999999,0.151494
2023-02-01,888.0584330000004,189.21125999999987,84.69751499999994,104.51374499999993,476.7422720000003,223.499109,30.243937000000006,169.00804200000027,24.20286200000001,29.788322000000015,221.70662100000015,23.063264000000004,153.47579200000015,45.16756499999998,0.15685399999999997,0.24142599999999997
2023-03-01,1048.4434829999993,219.3688739999998,120.48943499999992,98.87943899999989,616.7181639999998,281.01622199999997,30.68729500000001,234.20155499999973,36.71241600000002,34.10067600000001,211.9307209999998,29.761195000000004,144.95764699999978,37.21187900000001,0.13134399999999996,0.29438000000000003
2023-04-01,927.6804469999996,181.55013099999996,96.35738099999989,85.19275000000007,565.2408089999997,266.278723,29.571648,201.44560299999972,40.896571000000016,27.048264000000007,180.58248699999984,20.635599,127.78872399999986,32.158164000000006,0.14203999999999992,0.16498000000000002
2023-05-01,960.1277669999996,204.92906100000005,110.74288900000003,94.186172,516.6369319999997,230.19420199999993,28.594371,186.12876799999975,40.73861099999999,30.98098000000001,238.17873999999995,22.046895999999997,131.67960299999993,84.452241,0.22060100000000002,0.162433
2023-06-01,869.1761740000003,188.02313000000004,99.57312399999999,88.45000600000003,504.198843,201.00296700000004,34.256521,204.325734,34.16839699999999,30.445224000000014,176.64213300000011,23.963906000000012,130.55142000000012,22.126806999999996,0.2312560000000001,0.080812
2023-07-01,1110.2257159999997,195.30687700000004,103.52421999999997,91.78265700000006,680.7978329999999,386.220792,39.15149099999999,186.1449489999999,33.32903599999999,35.95156499999998,233.82959999999977,23.924868999999997,180.68630799999977,29.218422999999998,0.14314799999999997,0.148258
2023-08-01,908.9491430000005,219.57095800000013,118.93031700000007,100.64064100000007,480.4124220000002,150.60302199999998,38.85991,220.09187800000024,34.99636400000001,35.861247999999996,208.4012550000001,27.233834000000005,147.42227500000013,33.74514599999999,0.2797290000000001,0.28477899999999995
2023-09-01,1034.7109239999995,202.02846399999993,112.31160599999991,89.716858,627.8251169999998,352.75627799999984,48.50272100000002,168.59598399999993,29.929340000000014,28.040793999999988,204.3815789999997,22.00610699999999,156.16807999999972,26.20739199999999,0.235707,0.240057
2023-10-01,1049.980531,235.6774319999999,127.7582189999999,107.91921299999998,621.0650099999996,272.61159799999996,74.777427,205.51893599999966,35.88936599999999,32.267683,192.62638400000031,14.638812999999997,147.4024830000003,30.585088000000002,0.2726899999999999,0.33901499999999996
2023-11-01,1111.787413999999,226.43171299999995,125.00482700000003,101.4268859999999,647.0715479999996,336.211446,53.28755400000001,199.1357429999995,26.820674000000004,31.616131000000003,237.77520099999967,17.941075,146.43650599999967,73.39761999999999,0.27127199999999996,0.23767999999999997
2023-12-01,989.9455630000001,213.34952400000006,113.68883200000003,99.66069200000003,584.846964,284.9678309999999,49.379417000000004,191.82457900000009,30.755397000000013,27.919740000000015,191.347965,15.566761000000001,145.47708399999996,30.30412,0.23978000000000002,0.16132999999999997
2024-01-01,836.4119079999999,174.83913099999995,90.18422499999994,84.65490600000001,478.3233479999999,209.295696,36.911961999999995,176.7933189999999,26.643357999999992,28.679013000000005,182.95750700000008,15.548704000000003,139.7010420000001,27.70776099999999,0.13275399999999998,0.15916800000000003
2024-02-01,787.2023310000004,166.582587,87.79673599999992,78.78585100000006,442.1100090000001,189.5386230000001,36.33342900000001,168.966257,23.260862,24.010838000000017,178.15357100000023,19.150092,134.87768600000024,24.125793,0.14818800000000001,0.20797600000000005
2024-03-01,871.5783830000001,169.25710300000006,95.57160900000004,73.68549400000002,564.735442,308.6641240000001,28.624761999999997,172.849974,29.540615000000003,25.05596699999996,137.2167819999999,12.151326000000003,104.93562099999993,20.129835,0.156735,0.212321
2024-04-01,832.9743669999997,166.697004,100.99733300000001,65.699671,506.68863999999985,242.94787199999996,25.203532000000006,190.6489639999999,23.076431999999983,24.811840000000007,159.19719899999978,12.588296000000001,121.14826399999977,25.460639,0.17633899999999994,0.21518500000000002
2024-05-01,830.5698549999996,168.32429999999988,99.47947399999988,68.84482599999998,519.9567099999999,281.20149499999997,23.754133,173.57472700000002,20.727966,20.698388999999988,141.5618479999998,9.596602000000004,114.87827499999979,17.086971000000005,0.45366400000000007,0.27333299999999994
2024-06-01,698.294054,161.23004600000002,94.47547700000005,66.75456899999995,394.4794309999999,151.88819200000003,25.826277999999995,176.4358979999999,16.40527799999999,23.92378500000001,130.74725700000005,9.641653999999999,97.68399100000003,23.421611999999996,11.637431999999999,0.19988800000000004
2024-07-01,1054.455412,179.91523999999998,108.598889,71.31635099999998,642.6557170000002,385.24015199999997,26.334058000000013,184.73963000000026,20.008973999999988,26.332902999999995,226.2469140000001,10.639519000000004,194.58779700000008,21.019598000000002,5.399565999999999,0.23797499999999994
2024-08-01,792.1840939999997,166.56944299999986,97.30305399999993,69.26638899999993,483.7731600000001,231.57902700000002,27.376213999999994,177.59649200000007,20.08289900000001,27.138527999999994,137.8304029999999,8.433693,105.07221399999989,24.324496,3.5487130000000007,0.4623749999999999
2024-09-01,710.8790689999998,153.30266000000006,89.06485100000012,64.23780899999996,414.5181449999999,155.82640999999992,38.17385899999999,173.82101299999997,22.097796,24.599066999999984,138.745123,8.662110000000004,111.70448300000001,18.378530000000005,4.054352,0.258789
2024-10-01,801.2943939999999,156.52916699999997,90.50875800000006,66.0204089999999,520.771867,253.934766,43.37616800000001,176.751062,23.714586000000004,22.995285,122.09272700000002,10.581156,95.31719500000001,16.194376,1.5913829999999998,0.30924999999999997
2024-11-01,793.0050230000002,164.21873199999987,93.72507200000001,70.49365999999986,497.3862570000001,229.87198400000003,44.39805,179.71806900000007,21.96233400000001,21.435820000000014,130.75093900000016,6.9683470000000005,105.57255600000016,18.21003600000001,0.39648199999999995,0.25261300000000003
2024-12-01,895.6025060000001,187.04328299999986,109.79908199999988,77.24420099999999,539.6160480000002,245.11730400000002,46.45981800000002,198.0611010000002,24.844047999999976,25.133776999999984,168.48080299999987,11.861472999999997,135.4257009999999,21.193629,0.17375700000000002,0.288615
2025-01-01,778.2155229999992,144.25308399999986,83.64993099999987,60.603153,477.27581299999946,192.23329999999993,26.962738,207.54680099999956,26.813963999999988,23.719009999999983,154.88293699999974,9.247076999999997,125.29598199999974,20.339878000000006,1.5761279999999998,0.22756099999999996
2025-02-01,809.573976,153.15002399999992,88.37363599999995,64.77638799999998,533.6057330000002,265.286979,29.472463,186.94016200000027,26.04578499999999,25.860344000000012,122.50055499999996,11.972217999999998,93.36067599999996,17.167661000000003,0.12272900000000002,0.19493499999999997
2025-03-01,639.7197820000001,151.31546500000007,92.62047400000012,58.69499099999997,358.204325,91.73245900000002,29.142228000000006,181.565429,29.762989999999995,26.001219,129.970499,7.977786000000001,104.312816,17.679896999999997,0.09209600000000001,0.137397
2025-04-01,924.2114529999998,159.17722599999996,95.61262500000001,63.56460099999994,639.919663,358.82964,24.857493000000012,202.85544400000006,24.472447000000003,28.90463899999998,124.77251499999988,9.363734,97.77698899999989,17.631792000000004,0.12787400000000002,0.21417499999999992
2025-05-01,778.0257860000002,151.6363510000001,91.74291400000013,59.89343699999999,501.2993790000002,223.772833,23.238606999999995,202.02453000000023,25.287294999999997,26.976113999999992,119.32915999999986,8.673640000000002,94.35901599999985,16.296504000000006,5.617820999999999,0.14307499999999998
2025-06-01,735.8567759999996,135.20409400000003,85.25528400000007,49.94880999999995,459.26921799999974,225.290427,21.871314000000005,168.36727599999972,22.326662000000006,21.41353900000002,129.74356799999995,10.212735000000004,97.55710999999995,21.973723000000003,11.471116000000002,0.16877999999999999
2025-07-01,815.1591760000003,166.82846300000006,96.928999,69.89946400000007,489.9037340000002,211.97111499999994,29.528153000000003,199.8351020000003,18.966815999999998,29.602548,154.42896600000003,12.915718,121.10599800000003,20.40725,3.8307349999999984,0.167278
2025-08-01,968.8373909999998,153.89027499999992,89.94775299999996,63.94252199999996,670.9593109999998,382.0401540000001,33.33831800000001,209.01758799999976,22.243656999999992,24.319593999999995,143.6179150000001,12.337543000000002,108.79929900000012,22.481072999999995,0.15688399999999997,0.21300600000000003
2025-09-01,796.2449980000002,160.06318999999996,93.42543700000006,66.6377529999999,479.88636200000013,186.20889900000003,37.685964,207.9301910000001,22.44661600000001,25.614691999999998,144.02441700000014,12.552159000000001,106.99030300000015,24.481954999999992,12.054941999999999,0.21608699999999997
2025-10-01,977.5561019999998,169.88671900000003,95.78220899999997,74.10451000000006,635.3521529999997,312.492621,48.82440300000001,217.32333899999963,23.140435000000018,33.57135500000002,165.28655800000004,17.280132,122.17708600000005,25.829340000000002,6.63279,0.397882
2025-11-01,946.9836719999998,152.6332940000001,91.46244500000007,61.170849000000004,633.4181900000002,347.426439,45.117498999999995,189.90721000000013,22.654784,28.312258000000014,159.81097999999963,15.162378999999998,113.88638999999962,30.762210999999997,0.9611899999999997,0.16001800000000002
2025-12-01,893.3243030000003,182.44678100000007,105.74538799999999,76.70139300000008,496.6959930000002,192.812316,45.680454000000005,207.1165730000002,20.900064000000008,30.186586000000005,200.00483200000005,28.924098,139.60443400000005,31.476300000000005,13.934360999999997,0.24233600000000002
2026-01-01,635.1003210000002,146.95061500000003,82.560412,64.39020300000001,342.15682200000015,58.479263,30.968452000000006,202.5434200000001,17.950176999999993,32.21551000000002,144.35070200000007,13.383269999999998,98.62871500000008,32.338717,1.4994389999999995,0.142743
2026-02-01,832.1910460000004,153.58840199999983,85.89481499999994,67.6935869999999,506.12557200000026,216.823421,37.776165,193.73094100000026,27.743246999999993,30.051797999999998,165.99696000000017,20.095749999999995,116.23474800000017,29.66646200000001,6.343623,0.13648899999999997
2026-03-01,875.9403480000001,172.26509399999995,91.92035200000004,80.34474199999991,499.5309520000001,191.004094,42.63129999999999,211.33699300000015,23.992514999999994,30.566050000000004,202.93717700000008,29.614172,129.3273080000001,43.99569699999999,0.9286209999999999,0.278504
2026-04-01,1029.6988820000006,182.24357000000015,98.06745700000012,84.17611300000002,647.6057880000003,349.31362800000016,33.473589999999994,208.22093800000022,25.115415000000002,31.482216999999984,199.57759200000007,26.715989999999987,127.66283500000011,45.198766999999975,0.11061599999999998,0.16131600000000001
2026-05-01,743.8140570000003,132.78622400000003,72.86233300000004,59.923891000000005,470.6410880000002,246.83205700000005,17.934421000000004,160.70648700000018,18.022011999999986,27.146110999999983,139.64209199999996,15.854988,97.77112499999997,26.015978999999987,0.5154579999999999,0.229195
2026-06-01,660.073774,135.69163099999992,74.76195299999985,60.92967800000006,350.5569959999999,142.57335399999997,16.184215,148.37678399999996,15.373744999999998,28.048898000000033,173.6196580000001,23.23609,115.14648000000012,35.23708799999998,0.09724799999999999,0.108241
2026-07-01,1251.855624,213.08555,109.254396,103.83115400000001,755.4594849999996,447.0564860000001,39.06885099999998,200.61671099999958,28.440064999999993,40.277371999999986,282.9376800000002,46.045144,171.74497800000026,65.14755799999996,0.15549799999999997,0.21741100000000002
