series,ticket,category,units,description,nominal,sa,agg_method,freq,start_date,end_date,obs,months_lag,in_panel
gt_comprar_dolares,GGTR0001,G,,,0,0,mean,monthly,1/1/2018,8/1/2026,104,1,TRUE
gt_dolar_hoy,GGTR0002,G,,,0,0,mean,monthly,1/1/2018,8/1/2026,104,1,TRUE
gt_dolar_paralelo,GGTR0003,G,,,0,0,mean,monthly,1/1/2018,8/1/2026,104,1,TRUE
gt_tipo_de_cambio,GGTR0004,G,,,0,0,mean,monthly,1/1/2018,8/1/2026,104,1,TRUE
gt_trabajo,GGTR0005,G,,,0,0,mean,monthly,1/1/2018,8/1/2026,104,1,TRUE
gt_cemento,GGTR0006,G,,,0,0,mean,monthly,1/1/2018,8/1/2026,104,1,TRUE
gt_diesel,GGTR0007,G,,,0,0,mean,monthly,1/1/2018,8/1/2026,104,1,TRUE
gt_gasolina,GGTR0008,G,,,0,0,mean,monthly,1/1/2018,8/1/2026,104,1,TRUE
gt_celular,GGTR0009,G,,,0,0,mean,monthly,1/1/2018,8/1/2026,104,1,TRUE
gt_delivery,GGTR0010,G,,,0,0,mean,monthly,1/1/2018,8/1/2026,104,1,TRUE
gt_electrodomesticos,GGTR0011,G,,,0,0,mean,monthly,1/1/2018,8/1/2026,104,1,TRUE
gt_hipermaxi,GGTR0012,G,,,0,0,mean,monthly,1/1/2018,8/1/2026,104,1,TRUE
gt_autos_usados,GGTR0013,G,,,0,0,mean,monthly,1/1/2018,8/1/2026,104,1,TRUE
gt_comprar_auto,GGTR0014,G,,,0,0,mean,monthly,1/1/2018,8/1/2026,104,1,TRUE
gt_pedidosya,GGTR0015,G,,,0,0,mean,monthly,1/1/2018,8/1/2026,104,1,TRUE
gt_supermercado,GGTR0016,G,,,0,0,mean,monthly,1/1/2018,8/1/2026,104,1,TRUE
gt_computrabajo,GGTR0017,G,,,0,0,mean,monthly,1/1/2018,8/1/2026,104,1,TRUE
gt_credito,GGTR0018,G,,,0,0,mean,monthly,1/1/2018,8/1/2026,104,1,TRUE
gt_prestamo,GGTR0019,G,,,0,0,mean,monthly,1/1/2018,8/1/2026,104,1,TRUE
gt_tarjeta_de_credito,GGTR0020,G,,,0,0,mean,monthly,1/1/2018,8/1/2026,104,1,TRUE
gt_empleo,GGTR0021,G,,,0,0,mean,monthly,1/1/2018,8/1/2026,104,1,TRUE
gt_escasez,GGTR0022,G,,,0,0,mean,monthly,1/1/2018,8/1/2026,104,1,TRUE
gt_factura_electronica,GGTR0023,G,,,0,0,mean,monthly,1/1/2018,8/1/2026,104,1,TRUE
gt_impuestos_nacionales,GGTR0024,G,,,0,0,mean,monthly,1/1/2018,8/1/2026,104,1,TRUE
gt_alquiler_de_casa,GGTR0025,G,,,0,0,mean,monthly,1/1/2018,8/1/2026,104,1,TRUE
gt_alquiler_departamento,GGTR0026,G,,,0,0,mean,monthly,1/1/2018,8/1/2026,104,1,TRUE
gt_inflacion,GGTR0027,G,,,0,0,mean,monthly,1/1/2018,8/1/2026,104,1,TRUE
gt_remesas,GGTR0028,G,,,0,0,mean,monthly,1/1/2018,8/1/2026,104,1,TRUE
gt_binance,GGTR0029,G,,,0,0,mean,monthly,1/1/2018,8/1/2026,104,1,TRUE
gt_laptop,GGTR0030,G,,,0,0,mean,monthly,1/1/2018,8/1/2026,104,1,TRUE
gt_usdt,GGTR0031,G,,,0,0,mean,monthly,1/1/2018,8/1/2026,104,1,TRUE
gt_ypfb,GGTR0032,G,,,0,0,mean,monthly,1/1/2018,8/1/2026,104,1,TRUE
gt_fidalga,GGTR0033,G,,,0,0,mean,monthly,1/1/2018,8/1/2026,104,1,TRUE
gt_lavadora,GGTR0034,G,,,0,0,mean,monthly,1/1/2018,8/1/2026,104,1,TRUE
gt_refrigerador,GGTR0035,G,,,0,0,mean,monthly,1/1/2018,8/1/2026,104,1,TRUE
gt_televisor,GGTR0036,G,,,0,0,mean,monthly,1/1/2018,8/1/2026,104,1,TRUE
gt_ketal,GGTR0037,G,,,0,0,mean,monthly,1/1/2018,8/1/2026,104,1,TRUE
gt_motos,GGTR0038,G,,,0,0,mean,monthly,1/1/2018,8/1/2026,104,1,TRUE
gt_toyota,GGTR0039,G,,,0,0,mean,monthly,1/1/2018,8/1/2026,104,1,TRUE
gt_yaigo,GGTR0040,G,,,0,0,mean,monthly,1/1/2018,8/1/2026,104,1,TRUE
gt_banco_mercantil_santa_cruz,GGTR0041,G,,,0,0,mean,monthly,1/1/2018,8/1/2026,104,1,TRUE
gt_bnb,GGTR0042,G,,,0,0,mean,monthly,1/1/2018,8/1/2026,104,1,TRUE
gt_bolsa_de_trabajo,GGTR0043,G,,,0,0,mean,monthly,1/1/2018,8/1/2026,104,1,TRUE
gt_canasta_familiar,GGTR0044,G,,,0,0,mean,monthly,1/1/2018,8/1/2026,104,1,TRUE
gt_fundempresa,GGTR0045,G,,,0,0,mean,monthly,1/1/2018,8/1/2026,104,1,TRUE
gt_nit,GGTR0046,G,,,0,0,mean,monthly,1/1/2018,8/1/2026,104,1,TRUE
gt_trabajopolis,GGTR0047,G,,,0,0,mean,monthly,1/1/2018,8/1/2026,104,1,TRUE
gt_entel,GGTR0048,G,,,0,0,mean,monthly,1/1/2018,8/1/2026,104,1,TRUE
gt_enviar_dinero,GGTR0049,G,,,0,0,mean,monthly,1/1/2018,8/1/2026,104,1,TRUE
gt_tigo,GGTR0050,G,,,0,0,mean,monthly,1/1/2018,8/1/2026,104,1,TRUE
gt_western_union,GGTR0051,G,,,0,0,mean,monthly,1/1/2018,8/1/2026,104,1,TRUE
gt_boa,GGTR0052,G,,,0,0,mean,monthly,1/1/2018,8/1/2026,104,1,TRUE
gt_comprar_terreno,GGTR0053,G,,,0,0,mean,monthly,1/1/2018,8/1/2026,104,1,TRUE
gt_pasajes,GGTR0054,G,,,0,0,mean,monthly,1/1/2018,8/1/2026,104,1,TRUE
gt_tigo_money,GGTR0055,G,,,0,0,mean,monthly,1/1/2018,8/1/2026,104,1,TRUE
gt_ultracasas,GGTR0056,G,,,0,0,mean,monthly,1/1/2018,8/1/2026,104,1,TRUE
gt_ladrillo,GGTR0057,G,,,0,0,mean,monthly,1/1/2018,8/1/2026,104,1,TRUE
gt_muebles,GGTR0058,G,,,0,0,mean,monthly,1/1/2018,8/1/2026,104,1,TRUE
gt_surtidor,GGTR0059,G,,,0,0,mean,monthly,1/1/2018,8/1/2026,104,1,TRUE
gt_banco_bisa,GGTR0060,G,,,0,0,mean,monthly,1/1/2018,8/1/2026,104,1,TRUE
gt_banco_sol,GGTR0061,G,,,0,0,mean,monthly,1/1/2018,8/1/2026,104,1,TRUE
gt_ic_norte,GGTR0062,G,,,0,0,mean,monthly,1/1/2018,8/1/2026,104,1,TRUE
gt_suzuki,GGTR0063,G,,,0,0,mean,monthly,1/1/2018,8/1/2026,104,1,TRUE
gt_convocatoria,GGTR0064,G,,,0,0,mean,monthly,1/1/2018,8/1/2026,104,1,TRUE
gt_precio_del_pollo,GGTR0065,G,,,0,0,mean,monthly,1/1/2018,8/1/2026,104,1,TRUE
bcb_base_monetaria,MBCB0001,M,,,1,0,last,monthly,12/31/1987,9/11/2026,460,0,TRUE
bcb_billetes_y_monedas_en_poder_del_publico,MBCB0002,M,,,1,0,last,monthly,12/31/1987,9/11/2026,460,0,TRUE
bcb_reservas_bancarias,MBCB0003,M,,,0,0,last,monthly,12/31/1987,9/11/2026,460,0,TRUE
bcb_moneda_nacional_mn,MBCB0004,M,,,1,0,last,monthly,12/31/1994,9/11/2026,353,0,TRUE
bcb_unidad_de_fomento_de_vivienda_ufv,MBCB0005,M,,,1,0,last,monthly,6/30/2005,9/11/2026,261,0,TRUE
bcb_moneda_extranjera_me,MBCB0006,M,,,0,0,last,monthly,12/31/1994,9/11/2026,353,0,TRUE
bcb_moneda_nacional_con_mantenimiento_de_valor_mvdol,MBCB0007,M,,,1,0,last,monthly,1/31/2001,9/11/2026,314,0,TRUE
bcb_pro_memoria_me_mvdol_en_millones_de_usd,MBCB0008,M,,,0,0,last,monthly,12/31/1994,9/11/2026,353,0,TRUE
bcb_base_monetaria_en_moneda_nacional_mn_ufv,MBCB0009,M,,,1,0,last,monthly,12/31/1994,9/11/2026,353,0,TRUE
bcb_credito_interno_neto_del_bcb_incluye_obligaciones_de,MBCB0010,M,,,1,0,last,monthly,12/31/1987,9/11/2026,460,0,TRUE
bcb_moneda_nacional,MBCB0011,M,,,1,0,last,monthly,1/31/2001,9/11/2026,313,0,TRUE
bcb_moneda_extranjera,MBCB0012,M,,,0,0,last,monthly,1/31/2001,9/11/2026,313,0,TRUE
bcb_pro_memoria_moneda_extranjera_en_millones_de_usd,MBCB0013,M,,,0,0,last,monthly,1/31/2001,9/11/2026,313,0,TRUE
bcb_credito_neto_del_bcb_al_sector_publico_no_financiero,MBCB0014,M,,,1,0,last,monthly,12/31/1987,9/11/2026,460,0,TRUE
bcb_creditos_del_bcb_al_spnf,MBCB0015,M,,,1,0,last,monthly,12/31/1987,9/11/2026,460,0,TRUE
bcb_moneda_nacional_2,MBCB0016,M,,,1,0,last,monthly,10/31/2001,9/11/2026,305,0,TRUE
bcb_moneda_extranjera_2,MBCB0017,M,,,0,0,last,monthly,10/31/2001,9/11/2026,305,0,TRUE
bcb_pro_memoria_moneda_extranjera_en_millones_de_usd_2,MBCB0018,M,,,0,0,last,monthly,10/31/2001,9/11/2026,305,0,TRUE
bcb_depositos_del_spnf_en_el_bcb,MBCB0019,M,,,1,0,last,monthly,12/31/1987,9/11/2026,460,0,TRUE
bcb_moneda_nacional_3,MBCB0020,M,,,1,0,last,monthly,1/31/2001,9/11/2026,314,0,TRUE
bcb_moneda_extranjera_3,MBCB0021,M,,,0,0,last,monthly,1/31/2001,9/11/2026,314,0,TRUE
bcb_pro_memoria_moneda_extranjera_en_millones_de_usd_3,MBCB0022,M,,,0,0,last,monthly,1/31/2001,9/11/2026,314,0,TRUE
bcb_credito_a_otros_sectores_financiero_y_privado,MBCB0023,M,,,1,0,last,monthly,12/31/1987,9/11/2026,460,0,TRUE
bcb_moneda_nacional_4,MBCB0024,M,,,1,0,last,monthly,10/31/2001,9/11/2026,305,0,TRUE
bcb_moneda_extranjera_4,MBCB0025,M,,,0,0,last,monthly,10/31/2001,9/11/2026,305,0,TRUE
bcb_pro_memoria_moneda_extranjera_en_millones_de_usd_4,MBCB0026,M,,,0,0,last,monthly,10/31/2001,9/11/2026,305,0,TRUE
bcb_emision_monetaria,MBCB0027,M,,,1,0,last,monthly,12/31/1987,9/11/2026,460,0,TRUE
bcb_m1,MBCB0028,M,,,1,0,last,monthly,12/31/1987,9/11/2026,460,0,TRUE
bcb_moneda_nacional_5,MBCB0029,M,,,1,0,last,monthly,12/31/1987,9/11/2026,460,0,TRUE
bcb_moneda_extranjera_5,MBCB0030,M,,,0,0,last,monthly,12/31/1987,9/11/2026,460,0,TRUE
bcb_pro_memoria_moneda_extranjera_en_millones_de_usd_5,MBCB0031,M,,,0,0,last,monthly,12/31/1987,9/11/2026,460,0,TRUE
bcb_m2,MBCB0032,M,,,1,0,last,monthly,12/31/1987,9/11/2026,460,0,TRUE
bcb_moneda_nacional_6,MBCB0033,M,,,1,0,last,monthly,12/31/1987,9/11/2026,460,0,TRUE
bcb_moneda_extranjera_6,MBCB0034,M,,,0,0,last,monthly,12/31/1987,9/11/2026,460,0,TRUE
bcb_pro_memoria_moneda_extranjera_en_millones_de_usd_6,MBCB0035,M,,,0,0,last,monthly,12/31/1987,9/11/2026,460,0,TRUE
bcb_m3,MBCB0036,M,,,1,0,last,monthly,12/31/1987,9/11/2026,460,0,TRUE
bcb_moneda_nacional_7,MBCB0037,M,,,1,0,last,monthly,12/31/1987,9/11/2026,460,0,TRUE
bcb_moneda_extranjera_7,MBCB0038,M,,,0,0,last,monthly,12/31/1987,9/11/2026,460,0,TRUE
bcb_pro_memoria_moneda_extranjera_en_millones_de_usd_7,MBCB0039,M,,,0,0,last,monthly,12/31/1987,9/11/2026,460,0,TRUE
bcb_m1_m1,MBCB0040,M,,,1,0,last,monthly,12/31/1987,9/11/2026,460,0,TRUE
bcb_m2_m2,MBCB0041,M,,,1,0,last,monthly,12/31/1987,9/11/2026,460,0,TRUE
bcb_m3_m3,MBCB0042,M,,,1,0,last,monthly,12/31/1987,9/11/2026,460,0,TRUE
bcb_saldos_netos_de_titulos_millones_de_usd,MBCB0043,M,,,0,0,last,monthly,12/31/2002,9/11/2026,291,0,TRUE
bcb_a_tesoro_general_de_la_nacion_millones_de_usd,MBCB0044,M,,,0,0,last,monthly,12/31/2002,9/11/2026,291,0,TRUE
bcb_mn_y_ufv_millones_de_bs_2,MBCB0045,M,,,1,0,last,monthly,12/31/2002,9/11/2026,291,0,TRUE
bcb_me_y_mvdol_millones_de_usd_2,MBCB0046,M,,,0,0,last,monthly,12/31/2002,9/11/2026,291,0,TRUE
bcb_b_banco_central_de_bolivia_millones_de_usd,MBCB0047,M,,,0,0,last,monthly,12/31/2002,9/11/2026,291,0,TRUE
bcb_mn_y_ufv_millones_de_bs_3,MBCB0048,M,,,1,0,last,monthly,12/31/2002,9/11/2026,291,0,TRUE
bcb_del_cual_venta_directa_millones_de_bs,MBCB0049,M,,,1,0,last,monthly,10/31/2007,9/11/2026,233,0,TRUE
bcb_me_y_mvdol_millones_de_usd_4,MBCB0050,M,,,0,0,last,monthly,12/31/2002,9/11/2026,291,0,TRUE
bcb_del_cual_venta_directa_millones_de_usd,MBCB0051,M,,,0,0,last,monthly,1/31/2023,9/11/2026,50,0,TRUE
bcb_financiamiento_de_corto_plazo_al_sistema_financiero_,MBCB0052,M,,,1,0,last,monthly,12/31/2002,9/11/2026,291,0,TRUE
bcb_a_creditos_de_liquidez_c_garantia_del_encaje_legal_e,MBCB0053,M,,,1,0,last,monthly,9/30/1998,9/11/2026,342,0,TRUE
bcb_mn_y_ufv_millones_de_bs,MBCB0054,M,,,1,0,last,monthly,9/30/1998,9/11/2026,342,0,TRUE
bcb_me_y_mvdol_millones_de_usd,MBCB0055,M,,,0,0,last,monthly,9/30/1998,9/11/2026,342,0,TRUE
bcb_b_reportos_millones_de_usd,MBCB0056,M,,,0,0,last,monthly,9/30/1998,9/11/2026,342,0,TRUE
bcb_mn_y_ufv_millones_de_bs_2.1,MBCB0057,M,,,1,0,last,monthly,12/31/2002,9/11/2026,291,0,TRUE
bcb_me_y_mvdol_millones_de_usd_2.1,MBCB0058,M,,,0,0,last,monthly,12/31/2002,9/11/2026,291,0,TRUE
bcb_variacion_mensual_inflacion_total,MBCB0059,M,,,0,0,last,monthly,12/31/1987,8/31/2026,454,1,TRUE
bcb_variacion_acumulada_en_el_ano_inflacion_total,MBCB0060,M,,,0,0,last,monthly,12/31/1987,8/31/2026,454,1,TRUE
bcb_variacion_a_doce_meses_inflacion_total,MBCB0061,M,,,0,0,last,monthly,12/31/1987,8/31/2026,454,1,TRUE
bcb_variacion_mensual_inflacion_nucleo,MBCB0062,M,,,0,0,last,monthly,4/30/1992,8/31/2026,413,1,TRUE
bcb_variacion_acumulada_en_el_ano_inflacion_nucleo,MBCB0063,M,,,0,0,last,monthly,1/31/1993,8/31/2026,404,1,TRUE
bcb_variacion_a_doce_meses_inflacion_nucleo,MBCB0064,M,,,0,0,last,monthly,3/31/1993,8/31/2026,402,1,TRUE
bcb_variacion_mensual_inflacion_subyacente,MBCB0065,M,,,0,0,last,monthly,1/31/1993,8/31/2026,404,1,TRUE
bcb_variacion_acumulada_en_el_ano_inflacion_subyacente,MBCB0066,M,,,0,0,last,monthly,1/31/1993,8/31/2026,404,1,TRUE
bcb_variacion_a_doce_meses_inflacion_subyacente,MBCB0067,M,,,0,0,last,monthly,12/31/1993,8/31/2026,393,1,TRUE
bcb_moneda_nacional_8,MBCB0068,M,,,1,0,last,monthly,12/31/2002,9/11/2026,281,0,TRUE
bcb_moneda_extranjera_8,MBCB0069,M,,,0,0,last,monthly,12/31/2002,9/11/2026,281,0,TRUE
bcb_ahorro_en_el_sistema_financiero5,MBCB0070,M,,,1,0,last,monthly,12/31/1987,9/11/2026,460,0,TRUE
bcb_moneda_nacional_9,MBCB0071,M,,,1,0,last,monthly,12/31/1987,9/11/2026,460,0,TRUE
bcb_pro_memoria_moneda_nacional_en_millones_de_bs,MBCB0072,M,,,1,0,last,monthly,12/31/1987,9/11/2026,460,0,TRUE
bcb_moneda_extranjera_9,MBCB0073,M,,,0,0,last,monthly,12/31/1987,9/11/2026,460,0,TRUE
bcb_bolivianizacion_6,MBCB0074,M,,,0,0,last,monthly,12/31/1987,9/11/2026,460,0,TRUE
bcb_depositos_en_entidades_de_intermediacion_financiera,MBCB0075,M,,,1,0,last,monthly,12/31/1987,9/11/2026,460,0,TRUE
bcb_moneda_nacional_10,MBCB0076,M,,,1,0,last,monthly,12/31/1987,9/11/2026,460,0,TRUE
bcb_pro_memoria_moneda_nacional_en_millones_de_bs_2,MBCB0077,M,,,1,0,last,monthly,12/31/1987,9/11/2026,460,0,TRUE
bcb_moneda_extranjera_10,MBCB0078,M,,,0,0,last,monthly,12/31/1987,9/11/2026,460,0,TRUE
bcb_bolivianizacion,MBCB0079,M,,,0,0,last,monthly,12/31/1987,9/11/2026,460,0,TRUE
bcb_a_la_vista,MBCB0080,M,,,1,0,last,monthly,12/31/1987,9/11/2026,460,0,TRUE
bcb_moneda_nacional_11,MBCB0081,M,,,1,0,last,monthly,12/31/1987,9/11/2026,460,0,TRUE
bcb_pro_memoria_moneda_nacional_en_millones_de_bs_3,MBCB0082,M,,,1,0,last,monthly,12/31/1987,9/11/2026,460,0,TRUE
bcb_moneda_extranjera_11,MBCB0083,M,,,0,0,last,monthly,12/31/1987,9/11/2026,460,0,TRUE
bcb_bolivianizacion_2,MBCB0084,M,,,0,0,last,monthly,12/31/1987,9/11/2026,460,0,TRUE
bcb_caja_de_ahorro,MBCB0085,M,,,1,0,last,monthly,12/31/1987,9/11/2026,460,0,TRUE
bcb_moneda_nacional_12,MBCB0086,M,,,1,0,last,monthly,12/31/1987,9/11/2026,460,0,TRUE
bcb_pro_memoria_moneda_nacional_en_millones_de_bs_4,MBCB0087,M,,,1,0,last,monthly,12/31/1987,9/11/2026,460,0,TRUE
bcb_moneda_extranjera_12,MBCB0088,M,,,0,0,last,monthly,12/31/1987,9/11/2026,460,0,TRUE
bcb_bolivianizacion_3,MBCB0089,M,,,0,0,last,monthly,12/31/1987,9/11/2026,460,0,TRUE
bcb_plazo,MBCB0090,M,,,1,0,last,monthly,12/31/1987,9/11/2026,460,0,TRUE
bcb_moneda_nacional_13,MBCB0091,M,,,1,0,last,monthly,12/31/1987,9/11/2026,460,0,TRUE
bcb_pro_memoria_moneda_nacional_en_millones_de_bs_5,MBCB0092,M,,,1,0,last,monthly,12/31/1987,9/11/2026,460,0,TRUE
bcb_moneda_extranjera_13,MBCB0093,M,,,0,0,last,monthly,12/31/1987,9/11/2026,460,0,TRUE
bcb_bolivianizacion_4,MBCB0094,M,,,0,0,last,monthly,12/31/1987,9/11/2026,460,0,TRUE
bcb_otros,MBCB0095,M,,,1,0,last,monthly,12/31/1987,9/11/2026,460,0,TRUE
bcb_moneda_nacional_14,MBCB0096,M,,,1,0,last,monthly,12/31/1987,9/11/2026,460,0,TRUE
bcb_pro_memoria_moneda_nacional_en_millones_de_bs_6,MBCB0097,M,,,1,0,last,monthly,12/31/1987,9/11/2026,460,0,TRUE
bcb_moneda_extranjera_14,MBCB0098,M,,,0,0,last,monthly,12/31/1987,9/11/2026,460,0,TRUE
bcb_bolivianizacion_5,MBCB0099,M,,,0,0,last,monthly,12/31/1987,9/11/2026,460,0,TRUE
bcb_encaje_constituido_por_el_sistema_financiero_en_mill,MBCB0100,M,,,1,0,last,monthly,7/31/1999,9/11/2026,332,0,TRUE
bcb_efectivo_mn_ufv,MBCB0101,M,,,1,0,last,monthly,7/31/1999,9/11/2026,332,0,TRUE
bcb_pro_memoria_moneda_nacional_en_millones_de_bs_7,MBCB0102,M,,,1,0,last,monthly,7/31/1999,9/11/2026,332,0,TRUE
bcb_titulos_mn_ufv,MBCB0103,M,,,1,0,last,monthly,7/31/1999,9/11/2026,332,0,TRUE
bcb_pro_memoria_moneda_nacional_en_millones_de_bs_8,MBCB0104,M,,,1,0,last,monthly,7/31/1999,9/11/2026,332,0,TRUE
bcb_efectivo_me_mvdol,MBCB0105,M,,,1,0,last,monthly,7/31/1999,9/11/2026,332,0,TRUE
bcb_titulos_me_mvdol,MBCB0106,M,,,1,0,last,monthly,7/31/1999,9/11/2026,332,0,TRUE
bcb_excedente_de_encaje_en_el_bcb_del_sistema_financiero,MBCB0107,M,,,1,0,last,monthly,7/31/1999,9/11/2026,332,0,TRUE
bcb_mn_ufv,MBCB0108,M,,,1,0,last,monthly,7/31/1999,9/11/2026,332,0,TRUE
bcb_pro_memoria_moneda_nacional_en_millones_de_bs_9,MBCB0109,M,,,1,0,last,monthly,7/31/1999,9/11/2026,332,0,TRUE
bcb_me_mvdol,MBCB0110,M,,,1,0,last,monthly,7/31/1999,9/11/2026,332,0,TRUE
bcb_credito_del_sistema_financiero_al_sector_privado7_en,MBCB0111,M,,,1,0,last,monthly,3/31/1998,9/11/2026,334,0,TRUE
bcb_moneda_nacional_15,MBCB0112,M,,,1,0,last,monthly,12/31/1999,9/11/2026,327,0,TRUE
bcb_pro_memoria_moneda_nacional_en_millones_de_bs_10,MBCB0113,M,,,1,0,last,monthly,12/31/1999,9/11/2026,327,0,TRUE
bcb_moneda_extranjera_15,MBCB0114,M,,,0,0,last,monthly,12/31/1999,9/11/2026,327,0,TRUE
bcb_bolivianizacion_6.1,MBCB0115,M,,,0,0,last,monthly,3/31/1998,9/11/2026,334,0,TRUE
bcb_reservas_internacionales_brutas8_i_ii_iii_iv,MBCB0116,M,,,0,0,last,monthly,12/31/1987,9/11/2026,460,0,TRUE
bcb_oro_en_toneladas_a_b,MBCB0117,M,,,0,0,last,monthly,7/31/2000,9/11/2026,320,0,TRUE
bcb_i_oro_d_e,MBCB0118,M,,,0,0,last,monthly,12/31/1987,9/11/2026,460,0,TRUE
bcb_ii_divisas,MBCB0119,M,,,0,0,last,monthly,12/31/1987,9/11/2026,460,0,TRUE
bcb_iii_deg,MBCB0120,M,,,0,0,last,monthly,1/31/1989,9/11/2026,458,0,TRUE
bcb_iv_posicion_con_el_fmi,MBCB0121,M,,,0,0,last,monthly,1/31/2002,9/11/2026,302,0,TRUE
bcb_g_obligaciones_de_reservas,MBCB0122,M,,,0,0,last,monthly,5/31/2014,9/11/2026,154,0,TRUE
bcb_v_reservas_internacionales_netas_i_ii_iii_iv_g,MBCB0123,M,,,0,0,last,monthly,12/31/1987,9/11/2026,460,0,TRUE
bcb_d_c_recursos_de_alta_liquidez_i_e_ii_11,MBCB0124,M,,,0,0,last,monthly,12/31/1987,9/11/2026,460,0,TRUE
bcb_vi_reservas_internacionales_netas_incluyendo_obligac,MBCB0125,M,,,0,0,last,monthly,12/31/1987,9/11/2026,460,0,TRUE
bcb_vii_activos_externos_netos_de_entidades_financieras_,MBCB0126,M,,,0,0,last,monthly,1/31/1989,9/11/2026,458,0,TRUE
bcb_d_c_fondo_ral_en_me,MBCB0127,M,,,0,0,last,monthly,12/31/2008,9/11/2026,219,0,TRUE
bcb_viii_fondo_para_la_revolucion_industrial_productiva_,MBCB0128,M,,,0,0,last,monthly,8/31/2013,12/31/2022,113,45,TRUE
bcb_ix_fondos_de_proteccion_fpa_y_fpah_en_me_13,MBCB0129,M,,,0,0,last,monthly,12/31/2008,5/31/2026,210,4,TRUE
bcb_x_fondo_para_la_inversion_exploracion_y_explotacion_,MBCB0130,M,,,0,0,last,monthly,12/31/2017,12/31/2022,61,45,TRUE
bcb_total_activos_externos_v_vii_viii_ix_x,MBCB0131,M,,,0,0,last,monthly,1/31/1989,9/11/2026,458,0,TRUE
bcb_adjudicacion_de_dolares_en_el_bolsin_sistema_financi,MBCB0132,M,,,0,0,last,monthly,1/31/1997,9/11/2026,362,0,TRUE
bcb_adjudicacion_de_dolares_en_el_bolsin_sector_privado_,MBCB0133,M,,,0,0,last,monthly,1/31/2013,9/11/2026,170,0,TRUE
bcb_adjudicacion_de_dolares_en_ventas_directas_sistema_f,MBCB0134,M,,,0,0,last,monthly,1/31/2013,9/11/2026,170,0,TRUE
bcb_adjudicacion_de_dolares_en_ventas_directas_sector_pr,MBCB0135,M,,,0,0,last,monthly,1/31/2013,9/11/2026,170,0,TRUE
bcb_compras_de_dolares_al_sistema_financiero_por_el_bcb,MBCB0136,M,,,0,0,last,monthly,12/31/2003,9/11/2026,245,0,TRUE
bcb_transferencias_del_exterior_al_sistema_financiero_a_,MBCB0137,M,,,0,0,last,monthly,12/31/2003,9/11/2026,245,0,TRUE
bcb_transferencias_del_sistema_financiero_al_exterior_a_,MBCB0138,M,,,0,0,last,monthly,12/31/2003,9/11/2026,245,0,TRUE
bcb_transferencias_al_exterior_a_traves_del_sistema_fina,MBCB0139,M,,,0,0,last,monthly,1/31/2016,9/11/2026,134,0,TRUE
bcb_transferencias_del_exterior_a_traves_del_sistema_fin,MBCB0140,M,,,0,0,last,monthly,1/31/2016,9/11/2026,134,0,TRUE
bcb_tipo_de_cambio_de_venta_en_el_bolsin_bs_usd,MBCB0141,M,,,0,0,mean,monthly,3/31/1989,5/31/2026,447,4,TRUE
bcb_tipo_de_cambio_oficial_compra_bcb_bs_usd,MBCB0142,M,,,0,0,mean,monthly,12/31/1987,5/31/2026,451,4,TRUE
bcb_indice_de_tipo_de_cambio_real_base_diciembre_2022_10,MBCB0143,M,,,0,0,last,monthly,1/31/2000,9/11/2026,326,0,TRUE
bcb_ufv_bs_ufv_dia_habil,MBCB0144,M,,,0,0,last,monthly,12/31/2001,9/11/2026,303,0,TRUE
bcb_ufv_bs_ufv_ultimo_dia_del_mes,MBCB0145,M,,,0,0,last,monthly,12/31/2001,8/31/2026,297,1,TRUE
ipc_indice_general,MCPI0000,M,,,0,0,mean,monthly,3/1/2008,8/1/2026,222,1,TRUE
ipc_alimentos_y_bebidas_no_alcoholicas,MCPI0001,M,,,0,0,mean,monthly,3/1/2008,8/1/2026,222,1,TRUE
ipc_bebidas_alcoholicas_y_tabaco,MCPI0002,M,,,0,0,mean,monthly,3/1/2008,8/1/2026,222,1,TRUE
ipc_prendas_de_vestir_y_calzado,MCPI0003,M,,,0,0,mean,monthly,3/1/2008,8/1/2026,222,1,TRUE
ipc_vivienda_y_servicios_basicos,MCPI0004,M,,,0,0,mean,monthly,3/1/2008,8/1/2026,222,1,TRUE
ipc_muebles_bienes_y_servicios_domesticos,MCPI0005,M,,,0,0,mean,monthly,3/1/2008,8/1/2026,222,1,TRUE
ipc_salud,MCPI0006,M,,,0,0,mean,monthly,3/1/2008,8/1/2026,222,1,TRUE
ipc_transporte,MCPI0007,M,,,0,0,mean,monthly,3/1/2008,8/1/2026,222,1,TRUE
ipc_comunicaciones,MCPI0008,M,,,0,0,mean,monthly,3/1/2008,8/1/2026,222,1,TRUE
ipc_recreacion_y_cultura,MCPI0009,M,,,0,0,mean,monthly,3/1/2008,8/1/2026,222,1,TRUE
ipc_educacion,MCPI0010,M,,,0,0,mean,monthly,3/1/2008,8/1/2026,222,1,TRUE
ipc_alimentos_y_bebidas_consumidos_fuera_del_hogar,MCPI0011,M,,,0,0,mean,monthly,3/1/2008,8/1/2026,222,1,TRUE
ipc_bienes_y_servicios_diversos,MCPI0012,M,,,0,0,mean,monthly,3/1/2008,8/1/2026,222,1,TRUE
ipm_cuadro_no_1_1_indice_mensual,MIPM0001,M,,,0,0,mean,monthly,1/1/2017,8/1/2026,116,1,TRUE
ipm_cuadro_no_1_2_var_mensual,MIPM0002,M,,,0,0,mean,monthly,1/1/2017,8/1/2026,116,1,TRUE
ipm_cuadro_no_1_3_var_acumulada,MIPM0003,M,,,0,0,mean,monthly,1/1/2017,8/1/2026,116,1,TRUE
ipm_cuadro_no_1_4_var_12_meses,MIPM0004,M,,,0,0,mean,monthly,1/1/2018,8/1/2026,104,1,TRUE
ipp_cuadro_no_1_1_indice_mensual,MIPP0001,M,,,0,0,mean,monthly,1/1/2017,7/1/2026,115,2,TRUE
ipp_cuadro_no_1_2_var_mensual,MIPP0002,M,,,0,0,mean,monthly,1/1/2017,7/1/2026,115,2,TRUE
ipp_cuadro_no_1_3_var_acumulada,MIPP0003,M,,,0,0,mean,monthly,1/1/2017,7/1/2026,115,2,TRUE
ipp_cuadro_no_1_4_var_12_meses,MIPP0004,M,,,0,0,mean,monthly,1/1/2017,7/1/2026,115,2,TRUE
llegada_de_via_nacional,RARR0001,R,,,0,0,sum,monthly,1/1/2008,6/1/2026,222,3,TRUE
llegada_de_via_extranjero,RARR0002,R,,,0,0,sum,monthly,1/1/2008,6/1/2026,222,3,TRUE
llegada_de_via_total,RARR0003,R,,,0,0,sum,monthly,1/1/2008,6/1/2026,222,3,TRUE
llegada_de_via_nacional_2,RARR0004,R,,,0,0,sum,monthly,1/1/2008,6/1/2026,222,3,TRUE
llegada_de_via_extranjero_2,RARR0005,R,,,0,0,sum,monthly,1/1/2008,6/1/2026,222,3,TRUE
llegada_de_via_total_2,RARR0006,R,,,0,0,sum,monthly,1/1/2008,6/1/2026,222,3,TRUE
llegada_de_via_nacional_3,RARR0007,R,,,0,0,sum,monthly,1/1/2008,6/1/2026,222,3,TRUE
llegada_de_via_extranjero_3,RARR0008,R,,,0,0,sum,monthly,1/1/2008,6/1/2026,222,3,TRUE
llegada_de_via_total_3,RARR0009,R,,,0,0,sum,monthly,1/1/2008,6/1/2026,222,3,TRUE
llegada_de_vis_nacional,RARR0010,R,,,0,0,sum,monthly,1/1/2008,6/1/2026,222,3,TRUE
llegada_de_vis_extranjero,RARR0011,R,,,0,0,sum,monthly,1/1/2008,6/1/2026,222,3,TRUE
llegada_de_vis_total,RARR0012,R,,,0,0,sum,monthly,1/1/2008,6/1/2026,222,3,TRUE
llegada_de_vis_nacional_2,RARR0013,R,,,0,0,sum,monthly,1/1/2008,6/1/2026,222,3,TRUE
llegada_de_vis_extranjero_2,RARR0014,R,,,0,0,sum,monthly,1/1/2008,6/1/2026,222,3,TRUE
llegada_de_vis_total_2,RARR0015,R,,,0,0,sum,monthly,1/1/2008,6/1/2026,222,3,TRUE
llegada_de_vis_nacional_3,RARR0016,R,,,0,0,sum,monthly,1/1/2008,6/1/2026,222,3,TRUE
llegada_de_vis_extranjero_3,RARR0017,R,,,0,0,sum,monthly,1/1/2008,6/1/2026,222,3,TRUE
llegada_de_vis_total_3,RARR0018,R,,,0,0,sum,monthly,1/1/2008,6/1/2026,222,3,TRUE
produccion_de__chuquisaca,RCEM0001,R,,,0,0,sum,monthly,1/1/1991,7/1/2026,427,2,TRUE
produccion_de__la_paz,RCEM0002,R,,,0,0,sum,monthly,1/1/1991,7/1/2026,427,2,TRUE
produccion_de__cochabamba,RCEM0003,R,,,0,0,sum,monthly,1/1/1991,7/1/2026,427,2,TRUE
produccion_de__oruro,RCEM0004,R,,,0,0,sum,monthly,1/1/1991,7/1/2026,427,2,TRUE
produccion_de__tarija,RCEM0005,R,,,0,0,sum,monthly,1/1/1991,7/1/2026,427,2,TRUE
produccion_de__santa_cruz,RCEM0006,R,,,0,0,sum,monthly,1/1/1991,7/1/2026,427,2,TRUE
produccion_de__total,RCEM0007,R,,,0,0,sum,monthly,1/1/1991,7/1/2026,427,2,TRUE
salida_de_viaj_hombres,RDEP0001,R,,,0,0,sum,monthly,1/1/2019,6/1/2026,90,3,TRUE
salida_de_viaj_mujeres,RDEP0002,R,,,0,0,sum,monthly,1/1/2019,6/1/2026,90,3,TRUE
salida_de_viaj_total,RDEP0003,R,,,0,0,sum,monthly,1/1/2019,6/1/2026,90,3,TRUE
salida_de_viaj_hombres_2,RDEP0004,R,,,0,0,sum,monthly,1/1/2019,6/1/2026,90,3,TRUE
salida_de_viaj_mujeres_2,RDEP0005,R,,,0,0,sum,monthly,1/1/2019,6/1/2026,90,3,TRUE
salida_de_viaj_total_2,RDEP0006,R,,,0,0,sum,monthly,1/1/2019,6/1/2026,90,3,TRUE
salida_de_viaj_hombres_3,RDEP0007,R,,,0,0,sum,monthly,1/1/2019,6/1/2026,90,3,TRUE
salida_de_viaj_mujeres_3,RDEP0008,R,,,0,0,sum,monthly,1/1/2019,6/1/2026,90,3,TRUE
salida_de_viaj_total_3,RDEP0009,R,,,0,0,sum,monthly,1/1/2019,6/1/2026,90,3,TRUE
salida_de_viaj_hombres_4,RDEP0010,R,,,0,0,sum,monthly,1/1/2019,6/1/2026,90,3,TRUE
salida_de_viaj_mujeres_4,RDEP0011,R,,,0,0,sum,monthly,1/1/2019,6/1/2026,90,3,TRUE
salida_de_viaj_total_4,RDEP0012,R,,,0,0,sum,monthly,1/1/2019,6/1/2026,90,3,TRUE
salida_de_viaj_hombres_5,RDEP0013,R,,,0,0,sum,monthly,1/1/2019,6/1/2026,90,3,TRUE
salida_de_viaj_mujeres_5,RDEP0014,R,,,0,0,sum,monthly,1/1/2019,6/1/2026,90,3,TRUE
salida_de_viaj_total_5,RDEP0015,R,,,0,0,sum,monthly,1/1/2019,6/1/2026,90,3,TRUE
salida_de_viaj_hombres_6,RDEP0016,R,,,0,0,sum,monthly,1/1/2019,6/1/2026,90,3,TRUE
salida_de_viaj_mujeres_6,RDEP0017,R,,,0,0,sum,monthly,1/1/2019,6/1/2026,90,3,TRUE
salida_de_viaj_total_6,RDEP0018,R,,,0,0,sum,monthly,1/1/2019,6/1/2026,90,3,TRUE
salida_de_viaj_total_7,RDEP0019,R,,,0,0,sum,monthly,1/1/2019,6/1/2026,90,3,TRUE
salida_de_visi_hombres,RDEP0020,R,,,0,0,sum,monthly,1/1/2019,6/1/2026,90,3,TRUE
salida_de_visi_mujeres,RDEP0021,R,,,0,0,sum,monthly,1/1/2019,6/1/2026,90,3,TRUE
salida_de_visi_total,RDEP0022,R,,,0,0,sum,monthly,1/1/2019,6/1/2026,90,3,TRUE
salida_de_visi_hombres_2,RDEP0023,R,,,0,0,sum,monthly,1/1/2019,6/1/2026,90,3,TRUE
salida_de_visi_mujeres_2,RDEP0024,R,,,0,0,sum,monthly,1/1/2019,6/1/2026,90,3,TRUE
salida_de_visi_total_2,RDEP0025,R,,,0,0,sum,monthly,1/1/2019,6/1/2026,90,3,TRUE
salida_de_visi_hombres_3,RDEP0026,R,,,0,0,sum,monthly,1/1/2019,6/1/2026,90,3,TRUE
salida_de_visi_mujeres_3,RDEP0027,R,,,0,0,sum,monthly,1/1/2019,6/1/2026,90,3,TRUE
salida_de_visi_total_3,RDEP0028,R,,,0,0,sum,monthly,1/1/2019,6/1/2026,90,3,TRUE
salida_de_visi_hombres_4,RDEP0029,R,,,0,0,sum,monthly,1/1/2019,6/1/2026,90,3,TRUE
salida_de_visi_mujeres_4,RDEP0030,R,,,0,0,sum,monthly,1/1/2019,6/1/2026,90,3,TRUE
salida_de_visi_total_4,RDEP0031,R,,,0,0,sum,monthly,1/1/2019,6/1/2026,90,3,TRUE
salida_de_visi_hombres_5,RDEP0032,R,,,0,0,sum,monthly,1/1/2019,6/1/2026,90,3,TRUE
salida_de_visi_mujeres_5,RDEP0033,R,,,0,0,sum,monthly,1/1/2019,6/1/2026,90,3,TRUE
salida_de_visi_total_5,RDEP0034,R,,,0,0,sum,monthly,1/1/2019,6/1/2026,90,3,TRUE
salida_de_visi_hombres_6,RDEP0035,R,,,0,0,sum,monthly,1/1/2019,6/1/2026,90,3,TRUE
salida_de_visi_mujeres_6,RDEP0036,R,,,0,0,sum,monthly,1/1/2019,6/1/2026,90,3,TRUE
salida_de_visi_total_6,RDEP0037,R,,,0,0,sum,monthly,1/1/2019,6/1/2026,90,3,TRUE
salida_de_visi_total_7,RDEP0038,R,,,0,0,sum,monthly,1/1/2019,6/1/2026,90,3,TRUE
consumo_de_ene_domestico,RELE0001,R,,,0,0,mean,monthly,1/1/1990,12/1/2025,432,9,TRUE
consumo_de_ene_general,RELE0002,R,,,0,0,mean,monthly,1/1/1990,12/1/2025,432,9,TRUE
consumo_de_ene_industria_pequena,RELE0003,R,,,0,0,mean,monthly,1/1/1990,12/1/2025,432,9,TRUE
consumo_de_ene_industria_grande,RELE0004,R,,,0,0,mean,monthly,1/1/1990,12/1/2025,432,9,TRUE
consumo_de_ene_mineria,RELE0005,R,,,0,0,mean,monthly,1/1/1990,12/1/2025,432,9,TRUE
consumo_de_ene_alumbrado_publico,RELE0006,R,,,0,0,mean,monthly,1/1/1990,12/1/2025,432,9,TRUE
consumo_de_ene_fabrica_cemento,RELE0007,R,,,0,0,mean,monthly,1/1/1990,12/1/2025,432,9,TRUE
consumo_de_ene_pueblos,RELE0008,R,,,0,0,mean,monthly,1/1/1990,12/1/2025,432,9,TRUE
consumo_de_ene_indice_general,RELE0009,R,,,0,0,mean,monthly,1/1/1990,12/1/2025,432,9,TRUE
principales_in_indice_de_carga_economica_pei_pea,REMP0001,R,,,0,0,mean,monthly,10/1/2015,12/1/2025,114,9,TRUE
principales_in_hombres,REMP0002,R,,,0,0,mean,monthly,10/1/2015,12/1/2025,114,9,TRUE
principales_in_mujeres,REMP0003,R,,,0,0,mean,monthly,10/1/2015,12/1/2025,114,9,TRUE
principales_in_tasa_bruta_de_participacion_pea_pt,REMP0004,R,,,0,0,mean,monthly,10/1/2015,12/1/2025,114,9,TRUE
principales_in_hombres_2,REMP0005,R,,,0,0,mean,monthly,10/1/2015,12/1/2025,114,9,TRUE
principales_in_mujeres_2,REMP0006,R,,,0,0,mean,monthly,10/1/2015,12/1/2025,114,9,TRUE
principales_in_tasa_global_de_participacion_pea_pet,REMP0007,R,,,0,0,mean,monthly,10/1/2015,12/1/2025,114,9,TRUE
principales_in_hombres_3,REMP0008,R,,,0,0,mean,monthly,10/1/2015,12/1/2025,114,9,TRUE
principales_in_mujeres_3,REMP0009,R,,,0,0,mean,monthly,10/1/2015,12/1/2025,114,9,TRUE
principales_in_tasa_de_ocupacion_po_pet,REMP0010,R,,,0,0,mean,monthly,10/1/2015,12/1/2025,114,9,TRUE
principales_in_hombres_4,REMP0011,R,,,0,0,mean,monthly,10/1/2015,12/1/2025,114,9,TRUE
principales_in_mujeres_4,REMP0012,R,,,0,0,mean,monthly,10/1/2015,12/1/2025,114,9,TRUE
principales_in_tasa_global_de_ocupacion_po_pea,REMP0013,R,,,0,0,mean,monthly,10/1/2015,12/1/2025,114,9,TRUE
principales_in_hombres_5,REMP0014,R,,,0,0,mean,monthly,10/1/2015,12/1/2025,114,9,TRUE
principales_in_mujeres_5,REMP0015,R,,,0,0,mean,monthly,10/1/2015,12/1/2025,114,9,TRUE
principales_in_tasa_de_desocupacion_pd_pea,REMP0016,R,,,0,0,mean,monthly,10/1/2015,12/1/2025,114,9,TRUE
principales_in_hombres_6,REMP0017,R,,,0,0,mean,monthly,10/1/2015,12/1/2025,114,9,TRUE
principales_in_mujeres_6,REMP0018,R,,,0,0,mean,monthly,10/1/2015,12/1/2025,114,9,TRUE
principales_in_tasa_de_subocupacion,REMP0019,R,,,0,0,mean,monthly,10/1/2015,12/1/2025,114,9,TRUE
principales_in_hombres_7,REMP0020,R,,,0,0,mean,monthly,10/1/2015,12/1/2025,114,9,TRUE
principales_in_mujeres_7,REMP0021,R,,,0,0,mean,monthly,10/1/2015,12/1/2025,114,9,TRUE
principales_in_tasa_de_ocupacion_en_el_sector_informal,REMP0022,R,,,0,0,mean,monthly,10/1/2015,12/1/2025,114,9,TRUE
principales_in_hombres_8,REMP0023,R,,,0,0,mean,monthly,10/1/2015,12/1/2025,114,9,TRUE
principales_in_mujeres_8,REMP0024,R,,,0,0,mean,monthly,10/1/2015,12/1/2025,114,9,TRUE
principales_in_tasa_de_ocupacion_informal,REMP0025,R,,,0,0,mean,monthly,10/1/2015,12/1/2025,114,9,TRUE
principales_in_hombres_9,REMP0026,R,,,0,0,mean,monthly,10/1/2015,12/1/2025,114,9,TRUE
principales_in_mujeres_9,REMP0027,R,,,0,0,mean,monthly,10/1/2015,12/1/2025,114,9,TRUE
agricultura_silvicultura_caza_y_pesca,RG900001,R,,,0,0,sum,quarterly,3/1/1990,12/1/2024,140,21,TRUE
petroleo_crudo_y_gas_natural,RG900002,R,,,0,0,sum,quarterly,3/1/1990,12/1/2024,140,21,TRUE
minerales_metalicos_y_no_metalicos,RG900003,R,,,0,0,sum,quarterly,3/1/1990,12/1/2024,140,21,TRUE
industria_manufacturera,RG900004,R,,,0,0,sum,quarterly,3/1/1990,12/1/2024,140,21,TRUE
electricidad_gas_y_agua,RG900005,R,,,0,0,sum,quarterly,3/1/1990,12/1/2024,140,21,TRUE
construccion,RG900006,R,,,0,0,sum,quarterly,3/1/1990,12/1/2024,140,21,TRUE
comercio,RG900007,R,,,0,0,sum,quarterly,3/1/1990,12/1/2024,140,21,TRUE
transporte_y_comunicaciones,RG900008,R,,,0,0,sum,quarterly,3/1/1990,12/1/2024,140,21,TRUE
establecimientos_financieros_seguros_bienes_inmuebles_y_serv,RG900009,R,,,0,0,sum,quarterly,3/1/1990,12/1/2024,140,21,TRUE
servicios_de_la_administracion_publica,RG900010,R,,,0,0,sum,quarterly,3/1/1990,12/1/2024,140,21,TRUE
otros_servicios,RG900011,R,,,0,0,sum,quarterly,3/1/1990,12/1/2024,140,21,TRUE
servicios_bancarios_imputados,RG900012,R,,,0,0,sum,quarterly,3/1/1990,12/1/2024,140,21,TRUE
pib_a_precios_basicos,RG900013,R,,,0,0,sum,quarterly,3/1/1990,12/1/2024,140,21,TRUE
derechos_de_importacion_iva_it_y_otros_impuestos_indirectos,RG900014,R,,,0,0,sum,quarterly,3/1/1990,12/1/2024,140,21,TRUE
pib_a_precios_de_mercado,RG900015,R,,,0,0,sum,quarterly,3/1/1990,12/1/2024,140,21,TRUE
gdp,RGDN0001,R,,,1,0,sum,quarterly,3/1/2017,12/1/2025,36,9,TRUE
gdp_derechos_importaciones_ivand_it_y_otros_imp_indirectos,RGDN0002,R,,,1,0,sum,quarterly,3/1/2017,12/1/2025,36,9,TRUE
gdp_valor_agregado_bruto,RGDN0003,R,,,1,0,sum,quarterly,3/1/2017,12/1/2025,36,9,TRUE
gdp_agricultura_ganaderia_silvicultura_y_pesca,RGDN0004,R,,,1,0,sum,quarterly,3/1/2017,12/1/2025,36,9,TRUE
gdp_actividad_extractiva,RGDN0005,R,,,1,0,sum,quarterly,3/1/2017,12/1/2025,36,9,TRUE
gdp_industrias_manufactureras,RGDN0006,R,,,1,0,sum,quarterly,3/1/2017,12/1/2025,36,9,TRUE
gdp_suministro_de_electricidad_agua_y_recoleccion_de_desechos_solidos,RGDN0007,R,,,1,0,sum,quarterly,3/1/2017,12/1/2025,36,9,TRUE
gdp_construccion,RGDN0008,R,,,1,0,sum,quarterly,3/1/2017,12/1/2025,36,9,TRUE
gdp_comercio,RGDN0009,R,,,1,0,sum,quarterly,3/1/2017,12/1/2025,36,9,TRUE
gdp_transporte_y_comunicaciones,RGDN0010,R,,,1,0,sum,quarterly,3/1/2017,12/1/2025,36,9,TRUE
gdp_actividades_de_alojamiento_y_servicio_de_comidas_y_bebidas,RGDN0011,R,,,1,0,sum,quarterly,3/1/2017,12/1/2025,36,9,TRUE
gdp_actividades_financieras_y_de_seguros_inmobiliarias_y_profesionales,RGDN0012,R,,,1,0,sum,quarterly,3/1/2017,12/1/2025,36,9,TRUE
gdp_administracion_publica_salud_y_educacion_de_no_mercado,RGDN0013,R,,,1,0,sum,quarterly,3/1/2017,12/1/2025,36,9,TRUE
gdp_actividades_comunales_sociales_sociales_personales_domestico_educacion_y_salud_de_mercado,RGDN0014,R,,,1,0,sum,quarterly,3/1/2017,12/1/2025,36,9,TRUE
gdp,RGDP0000,R,,,0,0,sum,quarterly,3/1/1990,12/1/2025,144,9,TRUE
gdp_derechos_importaciones_ivand_it_y_otros_imp_indirectos,RGDP0001,R,,,0,0,sum,quarterly,3/1/2017,12/1/2025,36,9,TRUE
gdp_valor_agregado_bruto,RGDP0002,R,,,0,0,sum,quarterly,3/1/2017,12/1/2025,36,9,TRUE
gdp_agricultura_ganaderia_silvicultura_y_pesca,RGDP0003,R,,,0,0,sum,quarterly,3/1/2017,12/1/2025,36,9,TRUE
gdp_actividad_extractiva,RGDP0004,R,,,0,0,sum,quarterly,3/1/2017,12/1/2025,36,9,TRUE
gdp_industrias_manufactureras,RGDP0005,R,,,0,0,sum,quarterly,3/1/2017,12/1/2025,36,9,TRUE
gdp_suministro_de_electricidad_agua_y_recoleccion_de_desechos_solidos,RGDP0006,R,,,0,0,sum,quarterly,3/1/2017,12/1/2025,36,9,TRUE
gdp_construccion,RGDP0007,R,,,0,0,sum,quarterly,3/1/2017,12/1/2025,36,9,TRUE
gdp_comercio,RGDP0008,R,,,0,0,sum,quarterly,3/1/2017,12/1/2025,36,9,TRUE
gdp_transporte_y_comunicaciones,RGDP0009,R,,,0,0,sum,quarterly,3/1/2017,12/1/2025,36,9,TRUE
gdp_actividades_de_alojamiento_y_servicio_de_comidas_y_bebidas,RGDP0010,R,,,0,0,sum,quarterly,3/1/2017,12/1/2025,36,9,TRUE
gdp_actividades_financieras_y_de_seguros_inmobiliarias_y_profesionales,RGDP0011,R,,,0,0,sum,quarterly,3/1/2017,12/1/2025,36,9,TRUE
gdp_administracion_publica_salud_y_educacion_de_no_mercado,RGDP0012,R,,,0,0,sum,quarterly,3/1/2017,12/1/2025,36,9,TRUE
gdp_actividades_comunales_sociales_sociales_personales_domestico_educacion_y_salud_de_mercado,RGDP0013,R,,,0,0,sum,quarterly,3/1/2017,12/1/2025,36,9,TRUE
indice_de_volu_nacional,RIVT0001,R,,,0,0,mean,monthly,1/1/1990,12/1/2025,432,9,TRUE
indice_de_volu_internacional,RIVT0002,R,,,0,0,mean,monthly,1/1/1990,12/1/2025,432,9,TRUE
indice_de_volu_general,RIVT0003,R,,,0,0,mean,monthly,1/1/1990,12/1/2025,432,9,TRUE
indice_de_volu_pasajeros,RIVT0004,R,,,0,0,mean,monthly,1/1/1990,12/1/2025,432,9,TRUE
indice_de_volu_carga,RIVT0005,R,,,0,0,mean,monthly,1/1/1990,12/1/2025,432,9,TRUE
indice_de_volu_general,RIVT0006,R,,,0,0,mean,monthly,1/1/1990,12/1/2025,432,9,TRUE
indice_de_volu_pasajeros,RIVT0007,R,,,0,0,mean,monthly,1/1/1992,12/1/2025,408,9,TRUE
indice_de_volu_carga,RIVT0008,R,,,0,0,mean,monthly,1/1/1992,12/1/2025,408,9,TRUE
indice_de_volu_general,RIVT0009,R,,,0,0,mean,monthly,1/1/1992,12/1/2025,408,9,TRUE
produccion_nac_estano,RMNP0001,R,,,0,0,sum,monthly,1/1/1990,12/1/2025,432,9,TRUE
produccion_nac_cobre,RMNP0002,R,,,0,0,sum,monthly,1/1/1990,12/1/2025,432,9,TRUE
produccion_nac_plomo,RMNP0003,R,,,0,0,sum,monthly,1/1/1990,12/1/2025,432,9,TRUE
produccion_nac_zinc,RMNP0004,R,,,0,0,sum,monthly,1/1/1990,12/1/2025,432,9,TRUE
produccion_nac_wolfram,RMNP0005,R,,,0,0,sum,monthly,1/1/1990,12/1/2025,432,9,TRUE
produccion_nac_plata,RMNP0006,R,,,0,0,sum,monthly,1/1/1990,12/1/2025,432,9,TRUE
produccion_nac_antimonio,RMNP0007,R,,,0,0,sum,monthly,1/1/1990,12/1/2025,432,9,TRUE
produccion_nac_cadmio,RMNP0008,R,,,0,0,sum,monthly,1/1/1990,12/1/2025,432,9,TRUE
produccion_de__petroleo,ROIL0001,R,,,0,0,sum,monthly,1/1/1990,12/1/2025,432,9,TRUE
produccion_de__gas_natural,ROIL0002,R,,,0,0,sum,monthly,1/1/1990,12/1/2025,432,9,TRUE
numero_de_perm_total,RPER0001,R,,,0,0,sum,monthly,1/1/2008,7/1/2026,223,2,TRUE
numero_de_perm_aprobacion_de_planos_de_construccion,RPER0002,R,,,0,0,sum,monthly,1/1/2008,7/1/2026,223,2,TRUE
numero_de_perm_legalizacion_y_regularizacion,RPER0003,R,,,0,0,sum,monthly,1/1/2008,7/1/2026,223,2,TRUE
numero_de_perm_otros,RPER0004,R,,,0,0,sum,monthly,1/1/2008,7/1/2026,223,2,TRUE
superficie_reg_total,RPES0001,R,,,0,0,sum,monthly,1/1/2008,7/1/2026,223,2,TRUE
superficie_reg_aprobacion_de_planos_de_construccion,RPES0002,R,,,0,0,sum,monthly,1/1/2008,7/1/2026,223,2,TRUE
superficie_reg_legalizacion_y_regularizacion,RPES0003,R,,,0,0,sum,monthly,1/1/2008,7/1/2026,223,2,TRUE
superficie_reg_otros,RPES0004,R,,,0,0,sum,monthly,1/1/2008,7/1/2026,223,2,TRUE
rigs_gas,RRIG0001,R,,,0,0,mean,monthly,1/1/2013,1/1/2026,157,8,TRUE
rigs_miscellaneous,RRIG0002,R,,,0,0,mean,monthly,1/1/2013,1/1/2026,157,8,TRUE
rigs_oil,RRIG0003,R,,,0,0,mean,monthly,1/1/2013,1/1/2026,157,8,TRUE
rigs_total,RRIG0004,R,,,0,0,mean,monthly,1/1/2013,1/1/2026,157,8,TRUE
recoleccion_de_total,RRSU0001,R,,,0,0,sum,monthly,1/1/2005,7/1/2026,259,2,TRUE
recoleccion_de_sucre,RRSU0002,R,,,0,0,sum,monthly,1/1/2015,7/1/2026,133,2,TRUE
recoleccion_de_la_paz,RRSU0003,R,,,0,0,sum,monthly,1/1/2005,7/1/2026,259,2,TRUE
recoleccion_de_cochabamba,RRSU0004,R,,,0,0,sum,monthly,1/1/2005,7/1/2026,259,2,TRUE
recoleccion_de_oruro,RRSU0005,R,,,0,0,sum,monthly,1/1/2005,7/1/2026,259,2,TRUE
recoleccion_de_potosi,RRSU0006,R,,,0,0,sum,monthly,1/1/2005,7/1/2026,259,2,TRUE
recoleccion_de_tarija,RRSU0007,R,,,0,0,sum,monthly,1/1/2005,7/1/2026,259,2,TRUE
recoleccion_de_santa_cruz,RRSU0008,R,,,0,0,sum,monthly,1/1/2005,7/1/2026,259,2,TRUE
recoleccion_de_trinidad,RRSU0009,R,,,0,0,sum,monthly,1/1/2005,7/1/2026,253,2,TRUE
recoleccion_de_cobija,RRSU0010,R,,,0,0,sum,monthly,1/1/2005,7/1/2026,204,2,TRUE
recoleccion_de_el_alto,RRSU0011,R,,,0,0,sum,monthly,1/1/2005,7/1/2026,259,2,TRUE
recoleccion_de_total,RRSU0012,R,,,0,0,sum,monthly,1/1/2005,7/1/2026,259,2,TRUE
recoleccion_de_domiciliaria,RRSU0013,R,,,0,0,sum,monthly,1/1/2005,7/1/2026,259,2,TRUE
recoleccion_de_areas_publicas,RRSU0014,R,,,0,0,sum,monthly,1/1/2005,7/1/2026,259,2,TRUE
recoleccion_de_mercados,RRSU0015,R,,,0,0,sum,monthly,1/1/2005,7/1/2026,259,2,TRUE
recoleccion_de_hospital,RRSU0016,R,,,0,0,sum,monthly,1/1/2005,7/1/2026,259,2,TRUE
recoleccion_de_otros,RRSU0017,R,,,0,0,sum,monthly,1/1/2005,7/1/2026,259,2,TRUE
flujo_del_tran_salidas,RTRA0001,R,,,0,0,sum,monthly,1/1/1992,12/1/2025,408,9,TRUE
flujo_del_tran_llegadas,RTRA0002,R,,,0,0,sum,monthly,1/1/1992,12/1/2025,408,9,TRUE
flujo_del_tran_salidas_2,RTRA0003,R,,,0,0,sum,monthly,1/1/1992,12/1/2025,408,9,TRUE
flujo_del_tran_llegadas_2,RTRA0004,R,,,0,0,sum,monthly,1/1/1992,12/1/2025,408,9,TRUE
flujo_del_tran_pasajeros,RTRA0005,R,,,0,0,sum,monthly,1/1/1999,12/1/2025,324,9,TRUE
flujo_del_tran_carga,RTRA0006,R,,,0,0,sum,monthly,1/1/1999,12/1/2025,324,9,TRUE
flujo_del_tran_equipaje_y_encomienda,RTRA0007,R,,,0,0,sum,monthly,1/1/1999,12/1/2025,324,9,TRUE
flujo_del_tran_pasajeros_2,RTRA0008,R,,,0,0,sum,monthly,1/1/1999,12/1/2025,324,9,TRUE
flujo_del_tran_carga_2,RTRA0009,R,,,0,0,sum,monthly,1/1/1999,12/1/2025,324,9,TRUE
flujo_del_tran_equipaje_y_encomienda_2,RTRA0010,R,,,0,0,sum,monthly,1/1/1999,12/1/2025,324,9,TRUE
flujo_del_volu_principal,RTRA0011,R,,,0,0,sum,monthly,1/1/2009,12/1/2025,204,9,TRUE
flujo_del_volu_secundaria,RTRA0012,R,,,0,0,sum,monthly,1/1/2009,12/1/2025,204,9,TRUE
flujo_del_volu_troncal,RTRA0013,R,,,0,0,sum,monthly,1/1/2009,12/1/2025,204,9,TRUE
flujo_del_volu_total_nacional,RTRA0014,R,,,0,0,sum,monthly,1/1/2009,12/1/2025,204,9,TRUE
flujo_del_volu_llegada,RTRA0015,R,,,0,0,sum,monthly,1/1/2009,12/1/2025,204,9,TRUE
flujo_del_volu_salida,RTRA0016,R,,,0,0,sum,monthly,1/1/2009,12/1/2025,204,9,TRUE
flujo_del_volu_total_internacional,RTRA0017,R,,,0,0,sum,monthly,1/1/2009,12/1/2025,204,9,TRUE
flujo_del_volu_total,RTRA0018,R,,,0,0,sum,monthly,1/1/2009,12/1/2025,204,9,TRUE
flujo_del_volu_principal,RTRA0019,R,,,0,0,sum,monthly,1/1/2009,12/1/2025,204,9,TRUE
flujo_del_volu_secundaria,RTRA0020,R,,,0,0,sum,monthly,1/1/2009,12/1/2025,204,9,TRUE
flujo_del_volu_troncal,RTRA0021,R,,,0,0,sum,monthly,1/1/2009,12/1/2025,204,9,TRUE
flujo_del_volu_total_nacional,RTRA0022,R,,,0,0,sum,monthly,1/1/2009,12/1/2025,204,9,TRUE
flujo_del_volu_llegada,RTRA0023,R,,,0,0,sum,monthly,1/1/2009,12/1/2025,204,9,TRUE
flujo_del_volu_salida,RTRA0024,R,,,0,0,sum,monthly,1/1/2009,12/1/2025,204,9,TRUE
flujo_del_volu_total_internacional,RTRA0025,R,,,0,0,sum,monthly,1/1/2009,12/1/2025,204,9,TRUE
flujo_del_volu_total,RTRA0026,R,,,0,0,sum,monthly,1/1/2009,12/1/2025,204,9,TRUE
consumo_de_agu_residencial,RWAT0001,R,,,0,0,mean,monthly,1/1/1990,12/1/2025,432,9,TRUE
consumo_de_agu_comercial,RWAT0002,R,,,0,0,mean,monthly,1/1/1990,12/1/2025,432,9,TRUE
consumo_de_agu_industrial,RWAT0003,R,,,0,0,mean,monthly,1/1/1990,12/1/2025,432,9,TRUE
consumo_de_agu_estatal,RWAT0004,R,,,0,0,mean,monthly,1/1/1990,12/1/2025,432,9,TRUE
consumo_de_agu_indice_general,RWAT0005,R,,,0,0,mean,monthly,1/1/1990,12/1/2025,432,9,TRUE
ntl_airport_e1,UNTD0001,U,,,0,0,mean,daily,1/19/2012,9/1/2026,78685,0,TRUE
ntl_airport_e3,UNTD0002,U,,,0,0,mean,daily,1/19/2012,9/1/2026,78685,0,TRUE
ntl_hotel_e1,UNTD0003,U,,,0,0,mean,daily,1/19/2012,9/1/2026,78675,0,TRUE
ntl_hotel_e3,UNTD0004,U,,,0,0,mean,daily,1/19/2012,9/1/2026,78675,0,TRUE
ntl_industrial_free_zone_e1,UNTD0005,U,,,0,0,mean,daily,1/19/2012,9/1/2026,31470,0,TRUE
ntl_industrial_free_zone_e3,UNTD0006,U,,,0,0,mean,daily,1/19/2012,9/1/2026,31470,0,TRUE
ntl_mining_e1,UNTD0007,U,,,0,0,mean,daily,1/19/2012,9/1/2026,110155,0,TRUE
ntl_mining_e3,UNTD0008,U,,,0,0,mean,daily,1/19/2012,9/1/2026,110155,0,TRUE
ntl_oil_gas_e1,UNTD0009,U,,,0,0,mean,daily,1/19/2012,9/1/2026,94410,0,TRUE
ntl_oil_gas_e3,UNTD0010,U,,,0,0,mean,daily,1/19/2012,9/1/2026,94410,0,TRUE
ntl_shopping_mall_e1,UNTD0011,U,,,0,0,mean,daily,1/19/2012,9/1/2026,78675,0,TRUE
ntl_shopping_mall_e3,UNTD0012,U,,,0,0,mean,daily,1/19/2012,9/1/2026,78675,0,TRUE
ntl_mean,UNTS0001,U,,,0,0,mean,daily,1/19/2012,9/1/2026,5253,0,TRUE
ntl_sum,UNTS0002,U,,,0,0,mean,daily,1/19/2012,9/1/2026,5253,0,TRUE
ntl_n,UNTS0003,U,,,0,0,mean,daily,1/19/2012,9/1/2026,5253,0,TRUE
ntl_tiles,UNTS0004,U,,,0,0,mean,daily,1/19/2012,9/1/2026,5253,0,TRUE
bolivia_export_volumen,XAUX0001,X,,,0,0,sum,monthly,1/1/1992,12/1/2025,407,9,TRUE
brent price,XBRT0001,X,,,0,0,mean,daily,5/20/1987,9/15/2026,9087,0,TRUE
exports_can,XCAN0001,X,,,0,0,sum,monthly,1/1/1988,7/1/2026,463,2,TRUE
imports_can,XCAN0002,X,,,0,0,sum,monthly,1/1/1988,7/1/2026,463,2,TRUE
exp_eu,XEUR0001,X,,,0,0,sum,monthly,1/1/1988,7/1/2026,463,2,TRUE
imp_eu,XEUR0002,X,,,0,0,sum,monthly,1/1/1988,7/1/2026,463,2,TRUE
exportaciones__total,XEXP0001,X,,,0,0,sum,monthly,1/1/1992,7/1/2026,415,2,TRUE
exportaciones__exportaciones,XEXP0002,X,,,0,0,sum,monthly,2/1/1992,7/1/2026,414,2,TRUE
exportaciones__agricultura_ganaderia_caza_silvicultura_y_pes,XEXP0003,X,,,0,0,sum,monthly,1/1/1992,7/1/2026,415,2,TRUE
exportaciones__castana,XEXP0004,X,,,0,0,sum,monthly,1/1/1992,7/1/2026,415,2,TRUE
exportaciones__semillas_y_habas_de_soya,XEXP0005,X,,,0,0,sum,monthly,1/1/1992,7/1/2026,401,2,TRUE
exportaciones__quinua,XEXP0006,X,,,0,0,sum,monthly,1/1/1992,7/1/2026,415,2,TRUE
exportaciones__frijoles,XEXP0007,X,,,0,0,sum,monthly,1/1/1995,7/1/2026,377,2,TRUE
exportaciones__bananas,XEXP0008,X,,,0,0,sum,monthly,1/1/1992,7/1/2026,404,2,TRUE
exportaciones__cafe_sin_tostar,XEXP0009,X,,,0,0,sum,monthly,1/1/1992,7/1/2026,413,2,TRUE
exportaciones__chia,XEXP0010,X,,,0,0,sum,monthly,1/1/2007,7/1/2026,228,2,TRUE
exportaciones__algodon_sin_cardar_ni_peinar,XEXP0011,X,,,0,0,sum,monthly,1/1/1992,11/1/2022,172,46,TRUE
exportaciones__semillas_de_sesamo_ajonjoli,XEXP0012,X,,,0,0,sum,monthly,10/1/1999,7/1/2026,303,2,TRUE
exportaciones__maiz,XEXP0013,X,,,0,0,sum,monthly,2/1/1992,7/1/2026,399,2,TRUE
exportaciones__manies,XEXP0014,X,,,0,0,sum,monthly,5/1/1992,7/1/2026,364,2,TRUE
exportaciones__semillas_de_girasol,XEXP0015,X,,,0,0,sum,monthly,1/1/1992,3/1/2026,239,6,TRUE
exportaciones__frutas_y_frutos_comestibles,XEXP0016,X,,,0,0,sum,monthly,4/1/1992,7/1/2026,377,2,TRUE
exportaciones__cacao_en_grano,XEXP0017,X,,,0,0,sum,monthly,1/1/1992,7/1/2026,306,2,TRUE
exportaciones__flores,XEXP0018,X,,,0,0,sum,monthly,1/1/1992,7/1/2026,233,2,TRUE
exportaciones__ganado_vacuno,XEXP0019,X,,,0,0,sum,monthly,8/1/1993,5/1/2003,18,280,TRUE
exportaciones__maderas_sin_aserrar,XEXP0020,X,,,0,0,sum,monthly,1/1/1992,4/1/2016,98,125,TRUE
exportaciones__cueros_en_bruto,XEXP0021,X,,,0,0,sum,monthly,1/1/1992,6/1/2026,98,3,TRUE
exportaciones__pesca,XEXP0022,X,,,0,0,sum,monthly,1/1/1992,11/1/2008,73,214,TRUE
exportaciones__otros_productos_agropecuarios,XEXP0023,X,,,0,0,sum,monthly,1/1/1992,7/1/2026,415,2,TRUE
exportaciones__extraccion_de_hidrocarburos,XEXP0024,X,,,0,0,sum,monthly,1/1/1992,7/1/2026,415,2,TRUE
exportaciones__gas_natural,XEXP0025,X,,,0,0,sum,monthly,1/1/1992,7/1/2026,415,2,TRUE
exportaciones__combustibles,XEXP0026,X,,,0,0,sum,monthly,1/1/1992,11/1/2024,310,22,TRUE
exportaciones__extraccion_de_minerales,XEXP0027,X,,,0,0,sum,monthly,1/1/1992,7/1/2026,415,2,TRUE
exportaciones__mineral_de_zinc,XEXP0028,X,,,0,0,sum,monthly,1/1/1992,7/1/2026,415,2,TRUE
exportaciones__mineral_de_plata,XEXP0029,X,,,0,0,sum,monthly,1/1/1992,7/1/2026,415,2,TRUE
exportaciones__mineral_de_plomo,XEXP0030,X,,,0,0,sum,monthly,1/1/1992,7/1/2026,414,2,TRUE
exportaciones__mineral_de_estano,XEXP0031,X,,,0,0,sum,monthly,1/1/1992,7/1/2026,346,2,TRUE
exportaciones__boratos,XEXP0032,X,,,0,0,sum,monthly,1/1/1992,7/1/2026,413,2,TRUE
exportaciones__wolfram,XEXP0033,X,,,0,0,sum,monthly,1/1/1992,7/1/2026,414,2,TRUE
exportaciones__mineral_de_cobre,XEXP0034,X,,,0,0,sum,monthly,1/1/1992,7/1/2026,352,2,TRUE
exportaciones__mineral_de_oro,XEXP0035,X,,,0,0,sum,monthly,1/1/1992,7/1/2026,282,2,TRUE
exportaciones__mineral_de_antimonio,XEXP0036,X,,,0,0,sum,monthly,1/1/1992,7/1/2026,392,2,TRUE
exportaciones__sulfato_de_bario_natural,XEXP0037,X,,,0,0,sum,monthly,4/1/1992,7/1/2026,332,2,TRUE
exportaciones__piedras_preciosas_y_semipreciosas_naturales,XEXP0038,X,,,0,0,sum,monthly,2/1/1992,7/1/2026,401,2,TRUE
exportaciones__otros_minerales,XEXP0039,X,,,0,0,sum,monthly,1/1/1992,7/1/2026,252,2,TRUE
exportaciones__otras_minas_y_canteras,XEXP0040,X,,,0,0,sum,monthly,3/1/1992,7/1/2026,410,2,TRUE
exportaciones__industria_manufacturera,XEXP0041,X,,,0,0,sum,monthly,1/1/1992,7/1/2026,415,2,TRUE
exportaciones__productos_derivados_de_soya,XEXP0042,X,,,0,0,sum,monthly,1/1/1992,7/1/2026,415,2,TRUE
exportaciones__oro_metalico,XEXP0043,X,,,0,0,sum,monthly,1/1/1992,7/1/2026,405,2,TRUE
exportaciones__estano_metalico,XEXP0044,X,,,0,0,sum,monthly,1/1/1992,7/1/2026,415,2,TRUE
exportaciones__maderas_y_manufacturas_de_madera,XEXP0045,X,,,0,0,sum,monthly,1/1/1992,7/1/2026,415,2,TRUE
exportaciones__plata_metalica,XEXP0046,X,,,0,0,sum,monthly,1/1/1992,7/1/2026,414,2,TRUE
exportaciones__desechos_y_amalgamas_de_metal_precioso,XEXP0047,X,,,0,0,sum,monthly,3/1/2003,5/1/2023,113,40,TRUE
exportaciones__joyeria_de_oro,XEXP0048,X,,,0,0,sum,monthly,1/1/1992,7/1/2026,401,2,TRUE
exportaciones__productos_derivados_de_girasol,XEXP0049,X,,,0,0,sum,monthly,1/1/1992,7/1/2026,404,2,TRUE
exportaciones__productos_de_la_refinacion_del_petroleo,XEXP0050,X,,,0,0,sum,monthly,1/1/1992,7/1/2026,414,2,TRUE
exportaciones__productos_textiles,XEXP0051,X,,,0,0,sum,monthly,1/1/1992,7/1/2026,415,2,TRUE
exportaciones__joyeria_con_oro_importado,XEXP0052,X,,,0,0,sum,monthly,1/1/1992,6/1/2026,404,3,TRUE
exportaciones__cueros_y_manufacturas_de_cuero,XEXP0053,X,,,0,0,sum,monthly,1/1/1992,7/1/2026,415,2,TRUE
exportaciones__alcohol_etilico,XEXP0054,X,,,0,0,sum,monthly,1/1/1992,7/1/2026,414,2,TRUE
exportaciones__azucar,XEXP0055,X,,,0,0,sum,monthly,1/1/1992,7/1/2026,398,2,TRUE
exportaciones__prendas_de_vestir_adobo_y_tenido_de_pieles,XEXP0056,X,,,0,0,sum,monthly,1/1/1992,7/1/2026,415,2,TRUE
exportaciones__antimonio_metalico_y_oxidos_de_antimonio,XEXP0057,X,,,0,0,sum,monthly,1/1/1992,7/1/2026,414,2,TRUE
exportaciones__productos_alimenticios,XEXP0058,X,,,0,0,sum,monthly,1/1/1992,7/1/2026,414,2,TRUE
exportaciones__sustancias_y_productos_quimicos,XEXP0059,X,,,0,0,sum,monthly,2/1/1992,7/1/2026,410,2,TRUE
exportaciones__carbonato_de_litio,XEXP0060,X,,,0,0,sum,monthly,7/1/2016,6/1/2026,51,3,TRUE
exportaciones__leche_en_polvo_y_fluida,XEXP0061,X,,,0,0,sum,monthly,2/1/1994,7/1/2026,335,2,TRUE
exportaciones__fabricacion_de_muebles_de_madera,XEXP0062,X,,,0,0,sum,monthly,1/1/1992,7/1/2026,410,2,TRUE
exportaciones__gas_licuado_de_petroleo_glp,XEXP0063,X,,,0,0,sum,monthly,6/1/1998,12/1/2025,219,9,TRUE
exportaciones__palmitos,XEXP0064,X,,,0,0,sum,monthly,1/1/1992,7/1/2026,413,2,TRUE
exportaciones__preparaciones_alimenticias_de_aceites_vegetal,XEXP0065,X,,,0,0,sum,monthly,2/1/1997,7/1/2026,337,2,TRUE
exportaciones__otros_metales_manufacturados,XEXP0066,X,,,0,0,sum,monthly,1/1/1992,7/1/2026,413,2,TRUE
exportaciones__urea_granulada,XEXP0067,X,,,0,0,sum,monthly,2/1/2018,7/1/2026,87,2,TRUE
exportaciones__carne_de_la_especie_bovina,XEXP0068,X,,,0,0,sum,monthly,5/1/1995,7/1/2026,342,2,TRUE
exportaciones__metales_con_materia_prima_importada,XEXP0069,X,,,0,0,sum,monthly,5/1/1992,12/1/1997,64,345,TRUE
exportaciones__acido_ortoborico,XEXP0070,X,,,0,0,sum,monthly,4/1/1996,7/1/2026,322,2,TRUE
exportaciones__cobre_refinado_catodos,XEXP0071,X,,,0,0,sum,monthly,10/1/2010,7/1/2026,119,2,TRUE
exportaciones__joyeria_de_plata,XEXP0072,X,,,0,0,sum,monthly,5/1/1992,7/1/2026,365,2,TRUE
exportaciones__productos_de_galleteria_y_panaderia,XEXP0073,X,,,0,0,sum,monthly,10/1/1993,7/1/2026,315,2,TRUE
exportaciones__bebidas,XEXP0074,X,,,0,0,sum,monthly,1/1/1992,7/1/2026,408,2,TRUE
exportaciones__calzados,XEXP0075,X,,,0,0,sum,monthly,1/1/1992,7/1/2026,403,2,TRUE
exportaciones__papel_y_productos_de_papel,XEXP0076,X,,,0,0,sum,monthly,1/1/1992,7/1/2026,406,2,TRUE
exportaciones__productos_de_tabacos,XEXP0077,X,,,0,0,sum,monthly,5/1/1992,7/1/2026,298,2,TRUE
exportaciones__algodon_e_hilados_de_algodon,XEXP0078,X,,,0,0,sum,monthly,2/1/1993,3/1/2013,193,162,TRUE
exportaciones__cacao,XEXP0079,X,,,0,0,sum,monthly,1/1/1992,7/1/2026,358,2,TRUE
exportaciones__fabricacion_de_muebles_con_otro_material,XEXP0080,X,,,0,0,sum,monthly,12/1/1993,7/1/2026,299,2,TRUE
exportaciones__barras_de_plomo,XEXP0081,X,,,0,0,sum,monthly,1/1/1992,5/1/2025,187,16,TRUE
exportaciones__cloruro_de_potasio,XEXP0082,X,,,0,0,sum,monthly,9/1/2018,7/1/2026,92,2,TRUE
exportaciones__cafe_elaborado,XEXP0083,X,,,0,0,sum,monthly,1/1/1992,7/1/2026,181,2,TRUE
exportaciones__zinc_en_bruto_sin_alear,XEXP0084,X,,,0,0,sum,monthly,6/1/1994,1/1/1999,7,332,TRUE
exportaciones__otras_manufacturas,XEXP0085,X,,,0,0,sum,monthly,1/1/1992,7/1/2026,415,2,TRUE
exportaciones__energia_electrica,XEXP0086,X,,,0,0,sum,monthly,1/1/1992,7/1/2026,192,2,TRUE
exportaciones__reexportaciones,XEXP0087,X,,,0,0,sum,monthly,1/1/1992,7/1/2026,415,2,TRUE
exportaciones__efectos_personales,XEXP0088,X,,,0,0,sum,monthly,1/1/1992,7/1/2026,414,2,TRUE
exportaciones__total,XEXP0089,X,,,0,0,sum,monthly,1/1/1992,7/1/2026,415,2,TRUE
exportaciones__exportaciones,XEXP0090,X,,,0,0,sum,monthly,1/1/1992,7/1/2026,415,2,TRUE
exportaciones__afganistan,XEXP0091,X,,,0,0,sum,monthly,4/1/2009,10/1/2019,8,83,TRUE
exportaciones__albania,XEXP0092,X,,,0,0,sum,monthly,2/1/1999,8/1/2025,10,13,TRUE
exportaciones__alemania,XEXP0093,X,,,0,0,sum,monthly,1/1/1992,7/1/2026,415,2,TRUE
exportaciones__aruba,XEXP0094,X,,,0,0,sum,monthly,6/1/1993,11/1/2022,22,46,TRUE
exportaciones__bosnia_y_herzegovina,XEXP0095,X,,,0,0,sum,monthly,11/1/2014,9/1/2019,28,84,TRUE
exportaciones__andorra,XEXP0096,X,,,0,0,sum,monthly,2/1/2002,9/1/2010,8,192,TRUE
exportaciones__angola,XEXP0097,X,,,0,0,sum,monthly,4/1/2009,7/1/2026,66,2,TRUE
exportaciones__anguilla,XEXP0098,X,,,0,0,sum,monthly,11/1/1993,3/1/2001,3,306,TRUE
exportaciones__antigua_y_barbuda,XEXP0099,X,,,0,0,sum,monthly,11/1/1992,3/1/2026,2,6,TRUE
exportaciones__antillas_holandesas,XEXP0100,X,,,0,0,sum,monthly,12/1/1997,6/1/2015,26,135,TRUE
exportaciones__arabia_saudita,XEXP0101,X,,,0,0,sum,monthly,1/1/1992,7/1/2026,127,2,TRUE
exportaciones__argelia,XEXP0102,X,,,0,0,sum,monthly,12/1/2002,7/1/2026,19,2,TRUE
exportaciones__argentina,XEXP0103,X,,,0,0,sum,monthly,1/1/1992,7/1/2026,415,2,TRUE
exportaciones__australia,XEXP0104,X,,,0,0,sum,monthly,2/1/1992,7/1/2026,394,2,TRUE
exportaciones__austria,XEXP0105,X,,,0,0,sum,monthly,7/1/1992,7/1/2026,343,2,TRUE
exportaciones__azerbaiyan,XEXP0106,X,,,0,0,sum,monthly,6/1/2008,3/1/2026,3,6,TRUE
exportaciones__bahamas,XEXP0107,X,,,0,0,sum,monthly,3/1/1995,9/1/2022,67,48,TRUE
exportaciones__bahrein,XEXP0108,X,,,0,0,sum,monthly,2/1/2005,11/1/2025,25,10,TRUE
exportaciones__bangladesh,XEXP0109,X,,,0,0,sum,monthly,8/1/1992,3/1/2023,27,42,TRUE
exportaciones__barbados,XEXP0110,X,,,0,0,sum,monthly,10/1/1999,8/1/2022,18,49,TRUE
exportaciones__belgica,XEXP0111,X,,,0,0,sum,monthly,1/1/1992,7/1/2026,415,2,TRUE
exportaciones__belice,XEXP0112,X,,,0,0,sum,monthly,1/1/1992,2/1/2026,70,7,TRUE
exportaciones__bermudas,XEXP0113,X,,,0,0,sum,monthly,1/1/1992,4/1/2011,23,185,TRUE
exportaciones__bielorrusia,XEXP0114,X,,,0,0,sum,monthly,11/1/2013,7/1/2026,14,2,TRUE
exportaciones__myanmar,XEXP0115,X,,,0,0,sum,monthly,6/1/1992,4/1/2025,77,17,TRUE
exportaciones__botswana,XEXP0116,X,,,0,0,sum,monthly,5/1/2006,5/1/2006,1,244,TRUE
exportaciones__brasil,XEXP0117,X,,,0,0,sum,monthly,1/1/1992,7/1/2026,415,2,TRUE
exportaciones__brunei_darussalam,XEXP0118,X,,,0,0,sum,monthly,9/1/1998,9/1/1998,1,336,TRUE
exportaciones__bulgaria,XEXP0119,X,,,0,0,sum,monthly,5/1/1998,4/1/2026,63,5,TRUE
exportaciones__butan,XEXP0120,X,,,0,0,sum,monthly,9/1/2002,9/1/2002,1,288,TRUE
exportaciones__cabo_verde,XEXP0121,X,,,0,0,sum,monthly,10/1/2007,6/1/2023,4,39,TRUE
exportaciones__caiman_islas,XEXP0122,X,,,0,0,sum,monthly,8/1/1999,11/1/2014,3,142,TRUE
exportaciones__camboya,XEXP0123,X,,,0,0,sum,monthly,6/1/2021,7/1/2026,10,2,TRUE
exportaciones__camerun_republica_unida_del,XEXP0124,X,,,0,0,sum,monthly,12/1/2010,12/1/2024,7,21,TRUE
exportaciones__canada,XEXP0125,X,,,0,0,sum,monthly,1/1/1992,7/1/2026,414,2,TRUE
exportaciones__cocos_keeling_islas,XEXP0126,X,,,0,0,sum,monthly,5/1/2006,7/1/2008,5,218,TRUE
exportaciones__colombia,XEXP0127,X,,,0,0,sum,monthly,1/1/1992,7/1/2026,415,2,TRUE
exportaciones__comoras,XEXP0128,X,,,0,0,sum,monthly,6/1/1998,6/1/1998,1,339,TRUE
exportaciones__congo_republica_del,XEXP0129,X,,,0,0,sum,monthly,4/1/2009,7/1/2026,61,2,TRUE
exportaciones__corea_norte_republica_popular_democratica_de,XEXP0130,X,,,0,0,sum,monthly,1/1/1993,8/1/2025,69,13,TRUE
exportaciones__corea_sur_republica_de,XEXP0131,X,,,0,0,sum,monthly,1/1/1992,7/1/2026,378,2,TRUE
exportaciones__costa_del_marfil,XEXP0132,X,,,0,0,sum,monthly,6/1/2011,7/1/2026,37,2,TRUE
exportaciones__costa_rica,XEXP0133,X,,,0,0,sum,monthly,5/1/1992,7/1/2026,312,2,TRUE
exportaciones__croacia,XEXP0134,X,,,0,0,sum,monthly,8/1/1993,4/1/2026,78,5,TRUE
exportaciones__cuba,XEXP0135,X,,,0,0,sum,monthly,10/1/1993,6/1/2026,224,3,TRUE
exportaciones__checoslovaquia,XEXP0136,X,,,0,0,sum,monthly,6/1/1992,11/1/1992,2,406,TRUE
exportaciones__chile,XEXP0137,X,,,0,0,sum,monthly,1/1/1992,7/1/2026,415,2,TRUE
exportaciones__china,XEXP0138,X,,,0,0,sum,monthly,10/1/1992,7/1/2026,351,2,TRUE
exportaciones__taiwan,XEXP0139,X,,,0,0,sum,monthly,10/1/1992,7/1/2026,311,2,TRUE
exportaciones__chipre,XEXP0140,X,,,0,0,sum,monthly,5/1/1992,8/1/2018,20,97,TRUE
exportaciones__benin,XEXP0141,X,,,0,0,sum,monthly,1/1/2003,12/1/2012,15,165,TRUE
exportaciones__dinamarca,XEXP0142,X,,,0,0,sum,monthly,4/1/1992,7/1/2026,364,2,TRUE
exportaciones__dominica,XEXP0143,X,,,0,0,sum,monthly,10/1/2003,4/1/2021,3,65,TRUE
exportaciones__ecuador,XEXP0144,X,,,0,0,sum,monthly,1/1/1992,7/1/2026,415,2,TRUE
exportaciones__egipto,XEXP0145,X,,,0,0,sum,monthly,4/1/1993,7/1/2026,145,2,TRUE
exportaciones__el_salvador,XEXP0146,X,,,0,0,sum,monthly,2/1/1992,7/1/2026,208,2,TRUE
exportaciones__emiratos_arabes_unidos,XEXP0147,X,,,0,0,sum,monthly,12/1/1993,7/1/2026,226,2,TRUE
exportaciones__espana,XEXP0148,X,,,0,0,sum,monthly,1/1/1992,7/1/2026,415,2,TRUE
exportaciones__eslovaquia,XEXP0149,X,,,0,0,sum,monthly,10/1/1993,10/1/2024,8,23,TRUE
exportaciones__eslovenia,XEXP0150,X,,,0,0,sum,monthly,1/1/2000,7/1/2026,78,2,TRUE
exportaciones__estados_unidos,XEXP0151,X,,,0,0,sum,monthly,1/1/1992,7/1/2026,415,2,TRUE
exportaciones__estonia,XEXP0152,X,,,0,0,sum,monthly,9/1/2005,6/1/2026,25,3,TRUE
exportaciones__etiopia,XEXP0153,X,,,0,0,sum,monthly,3/1/2000,7/1/2017,41,110,TRUE
exportaciones__filipinas,XEXP0154,X,,,0,0,sum,monthly,9/1/2010,7/1/2026,54,2,TRUE
exportaciones__finlandia,XEXP0155,X,,,0,0,sum,monthly,5/1/1992,7/1/2026,212,2,TRUE
exportaciones__francia,XEXP0156,X,,,0,0,sum,monthly,1/1/1992,7/1/2026,415,2,TRUE
exportaciones__gabon,XEXP0157,X,,,0,0,sum,monthly,2/1/1994,7/1/2026,24,2,TRUE
exportaciones__gambia,XEXP0158,X,,,0,0,sum,monthly,10/1/2004,8/1/2024,4,25,TRUE
exportaciones__georgia,XEXP0159,X,,,0,0,sum,monthly,12/1/2004,12/1/2023,15,33,TRUE
exportaciones__ghana,XEXP0160,X,,,0,0,sum,monthly,12/1/1994,7/1/2026,46,2,TRUE
exportaciones__granada,XEXP0161,X,,,0,0,sum,monthly,9/1/2002,3/1/2017,2,114,TRUE
exportaciones__grecia,XEXP0162,X,,,0,0,sum,monthly,6/1/1993,7/1/2026,169,2,TRUE
exportaciones__groenlandia,XEXP0163,X,,,0,0,sum,monthly,6/1/2016,4/1/2018,4,101,TRUE
exportaciones__guadalupe,XEXP0164,X,,,0,0,sum,monthly,2/1/1995,11/1/2025,56,10,TRUE
exportaciones__guam,XEXP0165,X,,,0,0,sum,monthly,2/1/2003,2/1/2009,27,211,TRUE
exportaciones__guatemala,XEXP0166,X,,,0,0,sum,monthly,4/1/1997,7/1/2026,245,2,TRUE
exportaciones__guayana_francesa,XEXP0167,X,,,0,0,sum,monthly,9/1/2010,6/1/2018,10,99,TRUE
exportaciones__guinea,XEXP0168,X,,,0,0,sum,monthly,5/1/2010,3/1/2026,12,6,TRUE
exportaciones__guinea_ecuatorial,XEXP0169,X,,,0,0,sum,monthly,4/1/2025,4/1/2025,1,17,TRUE
exportaciones__guyana,XEXP0170,X,,,0,0,sum,monthly,9/1/2003,5/1/2026,15,4,TRUE
exportaciones__haiti,XEXP0171,X,,,0,0,sum,monthly,9/1/1994,7/1/2026,67,2,TRUE
exportaciones__honduras,XEXP0172,X,,,0,0,sum,monthly,1/1/1995,6/1/2026,202,3,TRUE
exportaciones__hong_kong,XEXP0173,X,,,0,0,sum,monthly,9/1/1992,7/1/2026,353,2,TRUE
exportaciones__hungria,XEXP0174,X,,,0,0,sum,monthly,9/1/1992,8/1/2022,36,49,TRUE
exportaciones__india,XEXP0175,X,,,0,0,sum,monthly,1/1/1992,7/1/2026,330,2,TRUE
exportaciones__indonesia,XEXP0176,X,,,0,0,sum,monthly,11/1/1997,7/1/2026,195,2,TRUE
exportaciones__irak,XEXP0177,X,,,0,0,sum,monthly,5/1/2012,5/1/2023,3,40,TRUE
exportaciones__iran_republica_islamica_del,XEXP0178,X,,,0,0,sum,monthly,12/1/2008,7/1/2016,15,122,TRUE
exportaciones__irlanda_eire,XEXP0179,X,,,0,0,sum,monthly,6/1/1994,6/1/2026,107,3,TRUE
exportaciones__islandia,XEXP0180,X,,,0,0,sum,monthly,3/1/1995,10/1/2018,20,95,TRUE
exportaciones__israel,XEXP0181,X,,,0,0,sum,monthly,10/1/1994,7/1/2026,320,2,TRUE
exportaciones__italia,XEXP0182,X,,,0,0,sum,monthly,1/1/1992,7/1/2026,415,2,TRUE
exportaciones__jamaica,XEXP0183,X,,,0,0,sum,monthly,10/1/1995,3/1/2025,37,18,TRUE
exportaciones__japon,XEXP0184,X,,,0,0,sum,monthly,1/1/1992,7/1/2026,415,2,TRUE
exportaciones__jordania,XEXP0185,X,,,0,0,sum,monthly,5/1/1993,7/1/2026,28,2,TRUE
exportaciones__kazajstan,XEXP0186,X,,,0,0,sum,monthly,6/1/2007,12/1/2024,24,21,TRUE
exportaciones__kenia,XEXP0187,X,,,0,0,sum,monthly,6/1/2007,12/1/2023,13,33,TRUE
exportaciones__kirguistan,XEXP0188,X,,,0,0,sum,monthly,7/1/2022,9/1/2022,3,48,TRUE
exportaciones__kuwait,XEXP0189,X,,,0,0,sum,monthly,6/1/1992,7/1/2026,46,2,TRUE
exportaciones__laos_republica_popular_democratica_de,XEXP0190,X,,,0,0,sum,monthly,5/1/2002,11/1/2016,5,118,TRUE
exportaciones__letonia,XEXP0191,X,,,0,0,sum,monthly,1/1/2002,7/1/2026,77,2,TRUE
exportaciones__libano,XEXP0192,X,,,0,0,sum,monthly,9/1/1994,4/1/2024,76,29,TRUE
exportaciones__liberia,XEXP0193,X,,,0,0,sum,monthly,4/1/2006,4/1/2026,7,5,TRUE
exportaciones__libia,XEXP0194,X,,,0,0,sum,monthly,1/1/1998,1/1/2026,25,8,TRUE
exportaciones__liechtenstein,XEXP0195,X,,,0,0,sum,monthly,7/1/2016,8/1/2016,2,121,TRUE
exportaciones__lituania,XEXP0196,X,,,0,0,sum,monthly,3/1/1994,7/1/2026,153,2,TRUE
exportaciones__luxemburgo,XEXP0197,X,,,0,0,sum,monthly,4/1/2008,10/1/2025,16,11,TRUE
exportaciones__macao,XEXP0198,X,,,0,0,sum,monthly,5/1/2007,10/1/2025,21,11,TRUE
exportaciones__madagascar,XEXP0199,X,,,0,0,sum,monthly,8/1/2019,7/1/2020,6,74,TRUE
exportaciones__malasia,XEXP0200,X,,,0,0,sum,monthly,1/1/1992,7/1/2026,397,2,TRUE
exportaciones__malta,XEXP0201,X,,,0,0,sum,monthly,12/1/1995,1/1/2026,20,8,TRUE
exportaciones__marruecos,XEXP0202,X,,,0,0,sum,monthly,7/1/1992,7/1/2026,87,2,TRUE
exportaciones__martinica,XEXP0203,X,,,0,0,sum,monthly,12/1/1995,3/1/2026,45,6,TRUE
exportaciones__mauricio,XEXP0204,X,,,0,0,sum,monthly,5/1/2017,6/1/2026,37,3,TRUE
exportaciones__mauritania,XEXP0205,X,,,0,0,sum,monthly,5/1/2022,7/1/2024,3,26,TRUE
exportaciones__mexico,XEXP0206,X,,,0,0,sum,monthly,1/1/1992,7/1/2026,413,2,TRUE
exportaciones__midway_islas,XEXP0207,X,,,0,0,sum,monthly,10/1/2014,10/1/2014,1,143,TRUE
exportaciones__moldavia,XEXP0208,X,,,0,0,sum,monthly,9/1/1992,5/1/2010,2,196,TRUE
exportaciones__monaco,XEXP0209,X,,,0,0,sum,monthly,2/1/2006,6/1/2018,13,99,TRUE
exportaciones__montenegro,XEXP0210,X,,,0,0,sum,monthly,4/1/2010,4/1/2020,5,77,TRUE
exportaciones__mozambique,XEXP0211,X,,,0,0,sum,monthly,6/1/2009,11/1/2025,16,10,TRUE
exportaciones__nepal,XEXP0212,X,,,0,0,sum,monthly,2/1/2016,2/1/2021,4,67,TRUE
exportaciones__nicaragua,XEXP0213,X,,,0,0,sum,monthly,3/1/1995,7/1/2026,188,2,TRUE
exportaciones__niger,XEXP0214,X,,,0,0,sum,monthly,8/1/2009,8/1/2009,1,205,TRUE
exportaciones__nigeria,XEXP0215,X,,,0,0,sum,monthly,8/1/1992,7/1/2026,35,2,TRUE
exportaciones__noruega,XEXP0216,X,,,0,0,sum,monthly,3/1/1992,7/1/2026,220,2,TRUE
exportaciones__nueva_caledonia,XEXP0217,X,,,0,0,sum,monthly,9/1/1993,4/1/2024,17,29,TRUE
exportaciones__papua_nueva_guinea,XEXP0218,X,,,0,0,sum,monthly,7/1/2010,6/1/2011,3,183,TRUE
exportaciones__nueva_zelandia,XEXP0219,X,,,0,0,sum,monthly,6/1/1992,7/1/2026,345,2,TRUE
exportaciones__oman,XEXP0220,X,,,0,0,sum,monthly,1/1/1992,4/1/2026,33,5,TRUE
exportaciones__paises_bajos,XEXP0221,X,,,0,0,sum,monthly,1/1/1992,7/1/2026,414,2,TRUE
exportaciones__pakistan,XEXP0222,X,,,0,0,sum,monthly,12/1/1992,7/1/2026,46,2,TRUE
exportaciones__panama,XEXP0223,X,,,0,0,sum,monthly,5/1/1992,7/1/2026,357,2,TRUE
exportaciones__paraguay,XEXP0224,X,,,0,0,sum,monthly,1/1/1992,7/1/2026,414,2,TRUE
exportaciones__peru,XEXP0225,X,,,0,0,sum,monthly,1/1/1992,7/1/2026,415,2,TRUE
exportaciones__pitcairn_isla,XEXP0226,X,,,0,0,sum,monthly,11/1/2015,11/1/2015,1,130,TRUE
exportaciones__polinesia_francesa,XEXP0227,X,,,0,0,sum,monthly,2/1/1992,6/1/2023,9,39,TRUE
exportaciones__polonia,XEXP0228,X,,,0,0,sum,monthly,9/1/1992,7/1/2026,221,2,TRUE
exportaciones__portugal,XEXP0229,X,,,0,0,sum,monthly,2/1/1992,5/1/2026,308,4,TRUE
exportaciones__puerto_rico,XEXP0230,X,,,0,0,sum,monthly,1/1/1992,2/1/2026,201,7,TRUE
exportaciones__qatar,XEXP0231,X,,,0,0,sum,monthly,12/1/1992,1/1/2026,33,8,TRUE
exportaciones__reino_unido,XEXP0232,X,,,0,0,sum,monthly,1/1/1992,7/1/2026,415,2,TRUE
exportaciones__republica_centroafricana,XEXP0233,X,,,0,0,sum,monthly,12/1/1995,10/1/2011,2,179,TRUE
exportaciones__republica_checa,XEXP0234,X,,,0,0,sum,monthly,2/1/1993,7/1/2026,137,2,TRUE
exportaciones__republica_dominicana,XEXP0235,X,,,0,0,sum,monthly,12/1/1993,7/1/2026,341,2,TRUE
exportaciones__san_bartolome,XEXP0236,X,,,0,0,sum,monthly,5/1/2024,3/1/2026,4,6,TRUE
exportaciones__reunion,XEXP0237,X,,,0,0,sum,monthly,9/1/1999,4/1/2026,26,5,TRUE
exportaciones__zimbabwe,XEXP0238,X,,,0,0,sum,monthly,10/1/2008,2/1/2025,4,19,TRUE
exportaciones__rumania,XEXP0239,X,,,0,0,sum,monthly,6/1/1992,6/1/2026,117,3,TRUE
exportaciones__rusia_federacion_de,XEXP0240,X,,,0,0,sum,monthly,12/1/1992,2/1/2026,274,7,TRUE
exportaciones__salomon_islas,XEXP0241,X,,,0,0,sum,monthly,12/1/2024,10/1/2025,6,11,TRUE
exportaciones__san_marino,XEXP0242,X,,,0,0,sum,monthly,8/1/2022,8/1/2022,1,49,TRUE
exportaciones__santa_elena,XEXP0243,X,,,0,0,sum,monthly,2/1/2009,2/1/2009,1,211,TRUE
exportaciones__santa_lucia,XEXP0244,X,,,0,0,sum,monthly,6/1/2004,1/1/2020,8,80,TRUE
exportaciones__senegal,XEXP0245,X,,,0,0,sum,monthly,11/1/2003,12/1/2019,9,81,TRUE
exportaciones__serbia,XEXP0246,X,,,0,0,sum,monthly,3/1/2009,6/1/2018,15,99,TRUE
exportaciones__seychelles,XEXP0247,X,,,0,0,sum,monthly,1/1/1994,12/1/1994,8,381,TRUE
exportaciones__sierra_leona,XEXP0248,X,,,0,0,sum,monthly,11/1/2007,12/1/2007,2,225,TRUE
exportaciones__singapur,XEXP0249,X,,,0,0,sum,monthly,4/1/1992,7/1/2026,186,2,TRUE
exportaciones__siria_republica_arabe_de,XEXP0250,X,,,0,0,sum,monthly,6/1/1992,9/1/2025,39,12,TRUE
exportaciones__sri_lanka,XEXP0251,X,,,0,0,sum,monthly,5/1/2008,1/1/2018,16,104,TRUE
exportaciones__sudafrica_republica_de,XEXP0252,X,,,0,0,sum,monthly,5/1/1992,7/1/2026,257,2,TRUE
exportaciones__sudan,XEXP0253,X,,,0,0,sum,monthly,4/1/2004,7/1/2015,6,134,TRUE
exportaciones__suecia,XEXP0254,X,,,0,0,sum,monthly,1/1/1992,2/1/2026,281,7,TRUE
exportaciones__suiza,XEXP0255,X,,,0,0,sum,monthly,1/1/1992,7/1/2026,410,2,TRUE
exportaciones__surinam,XEXP0256,X,,,0,0,sum,monthly,1/1/2005,7/1/2026,26,2,TRUE
exportaciones__swasilandia,XEXP0257,X,,,0,0,sum,monthly,10/1/2006,5/1/2011,9,184,TRUE
exportaciones__tailandia,XEXP0258,X,,,0,0,sum,monthly,6/1/1992,7/1/2026,323,2,TRUE
exportaciones__tanzania_republica_unida_de,XEXP0259,X,,,0,0,sum,monthly,11/1/2009,10/1/2025,6,11,TRUE
exportaciones__djibouti,XEXP0260,X,,,0,0,sum,monthly,12/1/2018,5/1/2026,2,4,TRUE
exportaciones__territorio_antartico_britanico,XEXP0261,X,,,0,0,sum,monthly,12/1/1998,12/1/1998,1,333,TRUE
exportaciones__timor_leste_timor_del_este,XEXP0262,X,,,0,0,sum,monthly,3/1/2020,3/1/2020,1,78,TRUE
exportaciones__togo,XEXP0263,X,,,0,0,sum,monthly,6/1/2010,6/1/2026,9,3,TRUE
exportaciones__trinidad_y_tobago,XEXP0264,X,,,0,0,sum,monthly,8/1/2000,1/1/2017,8,116,TRUE
exportaciones__tunez,XEXP0265,X,,,0,0,sum,monthly,9/1/2010,5/1/2024,16,28,TRUE
exportaciones__turcas_y_caicos_islas,XEXP0266,X,,,0,0,sum,monthly,3/1/2010,3/1/2010,1,198,TRUE
exportaciones__turquia,XEXP0267,X,,,0,0,sum,monthly,3/1/1994,7/1/2026,208,2,TRUE
exportaciones__ucrania,XEXP0268,X,,,0,0,sum,monthly,5/1/2004,12/1/2025,68,9,TRUE
exportaciones__uganda,XEXP0269,X,,,0,0,sum,monthly,12/1/2018,4/1/2024,2,29,TRUE
exportaciones__uruguay,XEXP0270,X,,,0,0,sum,monthly,1/1/1992,7/1/2026,411,2,TRUE
exportaciones__uzbekistan,XEXP0271,X,,,0,0,sum,monthly,7/1/2022,4/1/2025,2,17,TRUE
exportaciones__venezuela,XEXP0272,X,,,0,0,sum,monthly,1/1/1992,7/1/2026,393,2,TRUE
exportaciones__viet_nam,XEXP0273,X,,,0,0,sum,monthly,7/1/2002,7/1/2026,217,2,TRUE
exportaciones__virgenes_islas_reino_unido,XEXP0274,X,,,0,0,sum,monthly,6/1/2008,2/1/2012,20,175,TRUE
exportaciones__fiji,XEXP0275,X,,,0,0,sum,monthly,5/1/2011,5/1/2011,1,184,TRUE
exportaciones__yemen,XEXP0276,X,,,0,0,sum,monthly,4/1/2009,8/1/2023,3,37,TRUE
exportaciones__republica_democratica_del_congo,XEXP0277,X,,,0,0,sum,monthly,9/1/2012,7/1/2026,27,2,TRUE
exportaciones__zambia,XEXP0278,X,,,0,0,sum,monthly,9/1/2021,9/1/2021,1,60,TRUE
exportaciones__zona_franca_de_bolivia,XEXP0279,X,,,0,0,sum,monthly,4/1/1993,5/1/2021,333,64,TRUE
exportaciones__no_declarado,XEXP0280,X,,,0,0,sum,monthly,1/1/1992,6/1/2013,258,159,TRUE
exportaciones__reexportaciones,XEXP0281,X,,,0,0,sum,monthly,1/1/1992,7/1/2026,415,2,TRUE
exportaciones__efectos_personales,XEXP0282,X,,,0,0,sum,monthly,1/1/1992,7/1/2026,414,2,TRUE
fred_DEXUSEU,XFRD0001,X,,,0,0,mean,daily,1/4/1999,9/11/2026,6945,0,TRUE
fred_DEXUSUK,XFRD0002,X,,,0,0,mean,daily,1/4/1971,9/11/2026,13966,0,TRUE
fred_SP500,XFRD0003,X,,,0,0,mean,daily,9/19/2016,9/17/2026,2513,0,TRUE
fred_DJIA,XFRD0004,X,,,0,0,mean,daily,9/19/2016,9/17/2026,2513,0,TRUE
fred_NASDAQCOM,XFRD0005,X,,,0,0,mean,daily,2/5/1971,9/17/2026,14022,0,TRUE
fred_PNGASEUUSDM,XFRD0006,X,,,0,0,mean,daily,1/1/1992,7/1/2026,415,2,TRUE
fred_PNGASUSUSDM,XFRD0007,X,,,0,0,mean,daily,1/1/1992,7/1/2026,415,2,TRUE
fred_POILWTIUSDM,XFRD0008,X,,,0,0,mean,daily,1/1/1992,7/1/2026,415,2,TRUE
fred_PZINCUSDM,XFRD0009,X,,,0,0,mean,daily,1/1/1992,7/1/2026,415,2,TRUE
fred_PTINUSDM,XFRD0010,X,,,0,0,mean,daily,1/1/1992,7/1/2026,415,2,TRUE
fred_PLEADUSDM,XFRD0011,X,,,0,0,mean,daily,1/1/1992,7/1/2026,415,2,TRUE
fred_PSOYBUSDM,XFRD0012,X,,,0,0,mean,daily,1/1/1992,7/1/2026,415,2,TRUE
fred_PCU2122221222,XFRD0013,X,,,0,0,mean,daily,12/1/1984,8/1/2026,403,1,TRUE
fred_DEXBZUS,XFRD0014,X,,,0,0,mean,daily,1/2/1995,9/11/2026,7949,0,TRUE
exp_uk,XGBR0001,X,,,0,0,sum,monthly,1/1/2018,12/1/2025,96,9,TRUE
imp_uk,XGBR0002,X,,,0,0,sum,monthly,1/1/2018,12/1/2025,96,9,TRUE
importaciones__total,XIMP0001,X,,,0,0,sum,monthly,1/1/1992,7/1/2026,415,2,TRUE
importaciones__bienes_de_consumo,XIMP0002,X,,,0,0,sum,monthly,1/1/1992,7/1/2026,415,2,TRUE
importaciones__bienes_de_consumo_no_duradero,XIMP0003,X,,,0,0,sum,monthly,1/1/1992,7/1/2026,415,2,TRUE
importaciones__bienes_de_consumo_duradero,XIMP0004,X,,,0,0,sum,monthly,1/1/1992,7/1/2026,415,2,TRUE
importaciones__materias_primas_y_productos_intermedios,XIMP0005,X,,,0,0,sum,monthly,1/1/1992,7/1/2026,415,2,TRUE
importaciones__combustibles_lubricantes_y_productos_conexos,XIMP0006,X,,,0,0,sum,monthly,1/1/1992,7/1/2026,415,2,TRUE
importaciones__materias_primas_y_productos_intermedios_para_,XIMP0007,X,,,0,0,sum,monthly,1/1/1992,7/1/2026,415,2,TRUE
importaciones__materias_primas_y_productos_intermedios_para_.1,XIMP0008,X,,,0,0,sum,monthly,1/1/1992,7/1/2026,415,2,TRUE
importaciones__materiales_de_construccion,XIMP0009,X,,,0,0,sum,monthly,1/1/1992,7/1/2026,415,2,TRUE
importaciones__partes_y_accesorios_de_equipo_de_transporte,XIMP0010,X,,,0,0,sum,monthly,1/1/1992,7/1/2026,415,2,TRUE
importaciones__bienes_de_capital,XIMP0011,X,,,0,0,sum,monthly,1/1/1992,7/1/2026,415,2,TRUE
importaciones__bienes_de_capital_para_la_agricultura,XIMP0012,X,,,0,0,sum,monthly,1/1/1992,7/1/2026,415,2,TRUE
importaciones__bienes_de_capital_para_la_industria,XIMP0013,X,,,0,0,sum,monthly,1/1/1992,7/1/2026,415,2,TRUE
importaciones__equipo_de_transporte,XIMP0014,X,,,0,0,sum,monthly,1/1/1992,7/1/2026,415,2,TRUE
importaciones__diversos,XIMP0015,X,,,0,0,sum,monthly,1/1/1992,7/1/2026,415,2,TRUE
importaciones__efectos_personales,XIMP0016,X,,,0,0,sum,monthly,1/1/1992,7/1/2026,324,2,TRUE
importaciones__total,XIMP0017,X,,,0,0,sum,monthly,1/1/1992,7/1/2026,415,2,TRUE
importaciones__brasil,XIMP0018,X,,,0,0,sum,monthly,1/1/1992,7/1/2026,415,2,TRUE
importaciones__china,XIMP0019,X,,,0,0,sum,monthly,1/1/1992,7/1/2026,415,2,TRUE
importaciones__estados_unidos,XIMP0020,X,,,0,0,sum,monthly,1/1/1992,7/1/2026,415,2,TRUE
importaciones__argentina,XIMP0021,X,,,0,0,sum,monthly,1/1/1992,7/1/2026,415,2,TRUE
importaciones__peru,XIMP0022,X,,,0,0,sum,monthly,1/1/1992,7/1/2026,415,2,TRUE
importaciones__japon,XIMP0023,X,,,0,0,sum,monthly,1/1/1992,7/1/2026,415,2,TRUE
importaciones__chile,XIMP0024,X,,,0,0,sum,monthly,1/1/1992,7/1/2026,415,2,TRUE
importaciones__mexico,XIMP0025,X,,,0,0,sum,monthly,1/1/1992,7/1/2026,415,2,TRUE
importaciones__alemania,XIMP0026,X,,,0,0,sum,monthly,1/1/1992,7/1/2026,415,2,TRUE
importaciones__colombia,XIMP0027,X,,,0,0,sum,monthly,1/1/1992,7/1/2026,415,2,TRUE
importaciones__espana,XIMP0028,X,,,0,0,sum,monthly,1/1/1992,7/1/2026,415,2,TRUE
importaciones__suecia,XIMP0029,X,,,0,0,sum,monthly,1/1/1992,7/1/2026,415,2,TRUE
importaciones__venezuela,XIMP0030,X,,,0,0,sum,monthly,1/1/1992,7/1/2026,414,2,TRUE
importaciones__italia,XIMP0031,X,,,0,0,sum,monthly,1/1/1992,7/1/2026,415,2,TRUE
importaciones__francia,XIMP0032,X,,,0,0,sum,monthly,1/1/1992,7/1/2026,415,2,TRUE
importaciones__india,XIMP0033,X,,,0,0,sum,monthly,1/1/1992,7/1/2026,415,2,TRUE
importaciones__corea_sur_republica_de,XIMP0034,X,,,0,0,sum,monthly,1/1/1992,7/1/2026,415,2,TRUE
importaciones__paraguay,XIMP0035,X,,,0,0,sum,monthly,1/1/1992,7/1/2026,415,2,TRUE
importaciones__canada,XIMP0036,X,,,0,0,sum,monthly,1/1/1992,7/1/2026,415,2,TRUE
importaciones__tailandia,XIMP0037,X,,,0,0,sum,monthly,1/1/1992,7/1/2026,394,2,TRUE
importaciones__reino_unido,XIMP0038,X,,,0,0,sum,monthly,1/1/1992,7/1/2026,415,2,TRUE
importaciones__suiza,XIMP0039,X,,,0,0,sum,monthly,1/1/1992,7/1/2026,415,2,TRUE
importaciones__singapur,XIMP0040,X,,,0,0,sum,monthly,1/1/1992,7/1/2026,400,2,TRUE
importaciones__paises_bajos,XIMP0041,X,,,0,0,sum,monthly,1/1/1992,7/1/2026,415,2,TRUE
importaciones__taiwan,XIMP0042,X,,,0,0,sum,monthly,1/1/1992,7/1/2026,415,2,TRUE
importaciones__uruguay,XIMP0043,X,,,0,0,sum,monthly,1/1/1992,7/1/2026,415,2,TRUE
importaciones__ecuador,XIMP0044,X,,,0,0,sum,monthly,1/1/1992,7/1/2026,415,2,TRUE
importaciones__belgica_luxemburgo,XIMP0045,X,,,0,0,sum,monthly,1/1/1992,7/1/2026,415,2,TRUE
importaciones__austria,XIMP0046,X,,,0,0,sum,monthly,1/1/1992,7/1/2026,415,2,TRUE
importaciones__rusia_federacion_de,XIMP0047,X,,,0,0,sum,monthly,1/1/1992,7/1/2026,414,2,TRUE
importaciones__indonesia,XIMP0048,X,,,0,0,sum,monthly,5/1/1992,7/1/2026,388,2,TRUE
importaciones__turquia,XIMP0049,X,,,0,0,sum,monthly,2/1/1992,7/1/2026,375,2,TRUE
importaciones__malasia,XIMP0050,X,,,0,0,sum,monthly,2/1/1992,7/1/2026,398,2,TRUE
importaciones__dinamarca,XIMP0051,X,,,0,0,sum,monthly,1/1/1992,7/1/2026,415,2,TRUE
importaciones__viet_nam,XIMP0052,X,,,0,0,sum,monthly,2/1/1992,7/1/2026,309,2,TRUE
importaciones__panama,XIMP0053,X,,,0,0,sum,monthly,1/1/1992,7/1/2026,415,2,TRUE
importaciones__israel,XIMP0054,X,,,0,0,sum,monthly,1/1/1992,7/1/2026,413,2,TRUE
importaciones__finlandia,XIMP0055,X,,,0,0,sum,monthly,1/1/1992,7/1/2026,415,2,TRUE
importaciones__hungria,XIMP0056,X,,,0,0,sum,monthly,4/1/1992,7/1/2026,373,2,TRUE
importaciones__sudafrica_republica_de,XIMP0057,X,,,0,0,sum,monthly,1/1/1992,7/1/2026,412,2,TRUE
importaciones__hong_kong,XIMP0058,X,,,0,0,sum,monthly,1/1/1992,7/1/2026,415,2,TRUE
importaciones__republica_checa,XIMP0059,X,,,0,0,sum,monthly,1/1/1993,7/1/2026,403,2,TRUE
importaciones__australia,XIMP0060,X,,,0,0,sum,monthly,1/1/1992,7/1/2026,407,2,TRUE
importaciones__polonia,XIMP0061,X,,,0,0,sum,monthly,2/1/1992,7/1/2026,387,2,TRUE
importaciones__irlanda_eire,XIMP0062,X,,,0,0,sum,monthly,1/1/1992,7/1/2026,413,2,TRUE
importaciones__swasilandia,XIMP0063,X,,,0,0,sum,monthly,4/1/1997,6/1/2026,232,3,TRUE
importaciones__arabia_saudita,XIMP0064,X,,,0,0,sum,monthly,5/1/1992,7/1/2026,263,2,TRUE
importaciones__portugal,XIMP0065,X,,,0,0,sum,monthly,1/1/1992,7/1/2026,393,2,TRUE
importaciones__tunicia,XIMP0066,X,,,0,0,sum,monthly,5/1/1999,7/1/2026,252,2,TRUE
importaciones__cuba,XIMP0067,X,,,0,0,sum,monthly,2/1/1992,7/1/2026,386,2,TRUE
importaciones__nueva_zelandia,XIMP0068,X,,,0,0,sum,monthly,2/1/1992,7/1/2026,408,2,TRUE
importaciones__emiratos_arabes_unidos,XIMP0069,X,,,0,0,sum,monthly,5/1/1992,7/1/2026,296,2,TRUE
importaciones__noruega,XIMP0070,X,,,0,0,sum,monthly,1/1/1992,7/1/2026,400,2,TRUE
importaciones__filipinas,XIMP0071,X,,,0,0,sum,monthly,3/1/1992,7/1/2026,365,2,TRUE
importaciones__guatemala,XIMP0072,X,,,0,0,sum,monthly,1/1/1992,7/1/2026,387,2,TRUE
importaciones__rumania,XIMP0073,X,,,0,0,sum,monthly,1/1/1992,7/1/2026,325,2,TRUE
importaciones__ucrania,XIMP0074,X,,,0,0,sum,monthly,5/1/1996,7/1/2026,308,2,TRUE
importaciones__corea_norte_republica_popular_democratica_de,XIMP0075,X,,,0,0,sum,monthly,1/1/1992,7/1/2021,352,62,TRUE
importaciones__eslovaquia,XIMP0076,X,,,0,0,sum,monthly,10/1/1993,7/1/2026,324,2,TRUE
importaciones__costa_rica,XIMP0077,X,,,0,0,sum,monthly,1/1/1992,7/1/2026,411,2,TRUE
importaciones__puerto_rico,XIMP0078,X,,,0,0,sum,monthly,1/1/1992,7/1/2026,394,2,TRUE
importaciones__estonia,XIMP0079,X,,,0,0,sum,monthly,2/1/1995,7/1/2026,259,2,TRUE
importaciones__sri_lanka,XIMP0080,X,,,0,0,sum,monthly,2/1/1992,7/1/2026,377,2,TRUE
importaciones__no_declarado,XIMP0081,X,,,0,0,sum,monthly,1/1/1992,1/1/2026,274,8,TRUE
importaciones__pakistan,XIMP0082,X,,,0,0,sum,monthly,2/1/1992,7/1/2026,398,2,TRUE
importaciones__bangladesh,XIMP0083,X,,,0,0,sum,monthly,4/1/1995,7/1/2026,303,2,TRUE
importaciones__zona_franca_de_bolivia,XIMP0084,X,,,0,0,sum,monthly,3/1/2005,7/1/2021,196,62,TRUE
importaciones__bulgaria,XIMP0085,X,,,0,0,sum,monthly,1/1/1992,7/1/2026,304,2,TRUE
importaciones__grecia,XIMP0086,X,,,0,0,sum,monthly,3/1/1992,7/1/2026,294,2,TRUE
importaciones__trinidad_y_tobago,XIMP0087,X,,,0,0,sum,monthly,4/1/1992,8/1/2025,172,13,TRUE
importaciones__republica_dominicana,XIMP0088,X,,,0,0,sum,monthly,7/1/1992,7/1/2026,342,2,TRUE
importaciones__el_salvador,XIMP0089,X,,,0,0,sum,monthly,2/1/1992,7/1/2026,352,2,TRUE
importaciones__camboya,XIMP0090,X,,,0,0,sum,monthly,1/1/1993,7/1/2026,249,2,TRUE
importaciones__nicaragua,XIMP0091,X,,,0,0,sum,monthly,1/1/1992,6/1/2026,315,3,TRUE
importaciones__bielorusia,XIMP0092,X,,,0,0,sum,monthly,6/1/1995,7/1/2026,159,2,TRUE
importaciones__egipto,XIMP0093,X,,,0,0,sum,monthly,1/1/1993,7/1/2026,313,2,TRUE
importaciones__eslovenia,XIMP0094,X,,,0,0,sum,monthly,2/1/1993,7/1/2026,317,2,TRUE
importaciones__georgia,XIMP0095,X,,,0,0,sum,monthly,2/1/1993,6/1/2026,179,3,TRUE
importaciones__lituania,XIMP0096,X,,,0,0,sum,monthly,9/1/1993,7/1/2026,241,2,TRUE
importaciones__letonia,XIMP0097,X,,,0,0,sum,monthly,9/1/1993,7/1/2026,216,2,TRUE
importaciones__iran_republica_islamica_del,XIMP0098,X,,,0,0,sum,monthly,1/1/1992,6/1/2026,244,3,TRUE
importaciones__san_cristobal_y_nieves,XIMP0099,X,,,0,0,sum,monthly,3/1/2004,2/1/2026,31,7,TRUE
importaciones__albania,XIMP0100,X,,,0,0,sum,monthly,1/1/1992,7/1/2026,227,2,TRUE
importaciones__marruecos,XIMP0101,X,,,0,0,sum,monthly,1/1/1992,7/1/2026,286,2,TRUE
importaciones__marshall_islas,XIMP0102,X,,,0,0,sum,monthly,9/1/2012,10/1/2023,9,35,TRUE
importaciones__antillas_holandesas,XIMP0103,X,,,0,0,sum,monthly,1/1/1992,4/1/2023,130,41,TRUE
importaciones__bolivia_reimportaciones,XIMP0104,X,,,0,0,sum,monthly,1/1/2005,7/1/2026,83,2,TRUE
importaciones__gibraltar,XIMP0105,X,,,0,0,sum,monthly,6/1/1992,8/1/2025,44,13,TRUE
importaciones__croacia,XIMP0106,X,,,0,0,sum,monthly,2/1/1993,7/1/2026,264,2,TRUE
importaciones__serbia,XIMP0107,X,,,0,0,sum,monthly,4/1/2007,7/1/2026,208,2,TRUE
importaciones__virgenes_islas_reino_unido,XIMP0108,X,,,0,0,sum,monthly,6/1/1993,2/1/2025,35,19,TRUE
importaciones__honduras,XIMP0109,X,,,0,0,sum,monthly,2/1/1992,7/1/2026,331,2,TRUE
importaciones__jordania,XIMP0110,X,,,0,0,sum,monthly,7/1/1993,7/1/2026,232,2,TRUE
importaciones__bosnia_y_herzegovina,XIMP0111,X,,,0,0,sum,monthly,1/1/1993,7/1/2026,265,2,TRUE
importaciones__luxemburgo,XIMP0112,X,,,0,0,sum,monthly,6/1/2004,7/1/2026,252,2,TRUE
importaciones__oman,XIMP0113,X,,,0,0,sum,monthly,7/1/1996,7/1/2026,75,2,TRUE
importaciones__qatar,XIMP0114,X,,,0,0,sum,monthly,3/1/1993,7/1/2026,105,2,TRUE
importaciones__reunion,XIMP0115,X,,,0,0,sum,monthly,1/1/1992,12/1/2025,161,9,TRUE
importaciones__siria_republica_arabe_de,XIMP0116,X,,,0,0,sum,monthly,1/1/1992,4/1/2024,119,29,TRUE
importaciones__myanmar,XIMP0117,X,,,0,0,sum,monthly,7/1/1993,7/1/2026,168,2,TRUE
importaciones__checoslovaquia,XIMP0118,X,,,0,0,sum,monthly,1/1/1992,12/1/1992,12,405,TRUE
importaciones__turkmenistan,XIMP0119,X,,,0,0,sum,monthly,12/1/2006,2/1/2025,25,19,TRUE
importaciones__malta,XIMP0120,X,,,0,0,sum,monthly,10/1/1992,7/1/2026,242,2,TRUE
importaciones__samoa_americana,XIMP0121,X,,,0,0,sum,monthly,10/1/2002,4/1/2026,26,5,TRUE
importaciones__curazao,XIMP0122,X,,,0,0,sum,monthly,8/1/2013,4/1/2026,39,5,TRUE
importaciones__camerun_republica_unida_del,XIMP0123,X,,,0,0,sum,monthly,3/1/1993,7/1/2026,169,2,TRUE
importaciones__canal_islas_normandas,XIMP0124,X,,,0,0,sum,monthly,6/1/1997,8/1/1997,3,349,TRUE
importaciones__islandia,XIMP0125,X,,,0,0,sum,monthly,3/1/1992,5/1/2026,202,4,TRUE
importaciones__kuwait,XIMP0126,X,,,0,0,sum,monthly,8/1/1992,2/1/2026,40,7,TRUE
importaciones__ghana,XIMP0127,X,,,0,0,sum,monthly,1/1/1992,6/1/2026,106,3,TRUE
importaciones__chipre,XIMP0128,X,,,0,0,sum,monthly,11/1/1992,7/1/2026,194,2,TRUE
importaciones__kazajstan,XIMP0129,X,,,0,0,sum,monthly,10/1/2003,5/1/2026,62,4,TRUE
importaciones__liechtenstein,XIMP0130,X,,,0,0,sum,monthly,3/1/2004,7/1/2026,165,2,TRUE
importaciones__kenia,XIMP0131,X,,,0,0,sum,monthly,1/1/1992,7/1/2026,192,2,TRUE
importaciones__mongolia,XIMP0132,X,,,0,0,sum,monthly,6/1/2004,11/1/2025,36,10,TRUE
importaciones__irak,XIMP0133,X,,,0,0,sum,monthly,2/1/1993,3/1/2026,50,6,TRUE
importaciones__argelia,XIMP0134,X,,,0,0,sum,monthly,2/1/1992,7/1/2026,92,2,TRUE
importaciones__samoa,XIMP0135,X,,,0,0,sum,monthly,1/1/1997,7/1/2026,14,2,TRUE
importaciones__feroe_islas,XIMP0136,X,,,0,0,sum,monthly,6/1/1993,9/1/2023,19,36,TRUE
importaciones__burkina_faso,XIMP0137,X,,,0,0,sum,monthly,3/1/1992,8/1/2025,39,13,TRUE
importaciones__barbados,XIMP0138,X,,,0,0,sum,monthly,4/1/1992,7/1/2026,63,2,TRUE
importaciones__tadjikistan,XIMP0139,X,,,0,0,sum,monthly,4/1/1996,3/1/2026,19,6,TRUE
importaciones__bahamas,XIMP0140,X,,,0,0,sum,monthly,3/1/1993,6/1/2026,80,3,TRUE
importaciones__bahrein,XIMP0141,X,,,0,0,sum,monthly,9/1/1993,5/1/2026,77,4,TRUE
importaciones__burundi,XIMP0142,X,,,0,0,sum,monthly,5/1/1992,10/1/2023,35,35,TRUE
importaciones__santa_sede,XIMP0143,X,,,0,0,sum,monthly,7/1/1993,2/1/2024,43,31,TRUE
importaciones__nigeria,XIMP0144,X,,,0,0,sum,monthly,1/1/1992,7/1/2026,144,2,TRUE
importaciones__brunei_darussalam,XIMP0145,X,,,0,0,sum,monthly,9/1/1992,4/1/2026,97,5,TRUE
importaciones__republica_democratica_del_congo,XIMP0146,X,,,0,0,sum,monthly,8/1/2000,7/1/2026,49,2,TRUE
importaciones__uzbekistan,XIMP0147,X,,,0,0,sum,monthly,2/1/2001,6/1/2026,39,3,TRUE
importaciones__dominica,XIMP0148,X,,,0,0,sum,monthly,6/1/1992,12/1/2025,81,9,TRUE
importaciones__polinesia_francesa,XIMP0149,X,,,0,0,sum,monthly,6/1/1992,4/1/2025,31,17,TRUE
importaciones__belice,XIMP0150,X,,,0,0,sum,monthly,2/1/1992,7/1/2026,64,2,TRUE
importaciones__tokelau,XIMP0151,X,,,0,0,sum,monthly,8/1/1993,5/1/2026,123,4,TRUE
importaciones__seychelles,XIMP0152,X,,,0,0,sum,monthly,10/1/2002,7/1/2025,37,14,TRUE
importaciones__madagascar,XIMP0153,X,,,0,0,sum,monthly,7/1/1992,7/1/2026,128,2,TRUE
importaciones__senegal,XIMP0154,X,,,0,0,sum,monthly,7/1/1993,7/1/2026,85,2,TRUE
importaciones__jamaica,XIMP0155,X,,,0,0,sum,monthly,10/1/1992,5/1/2026,93,4,TRUE
importaciones__afganistan,XIMP0156,X,,,0,0,sum,monthly,1/1/1992,7/1/2026,109,2,TRUE
importaciones__mali,XIMP0157,X,,,0,0,sum,monthly,8/1/1998,4/1/2026,88,5,TRUE
importaciones__libano,XIMP0158,X,,,0,0,sum,monthly,9/1/1992,3/1/2025,108,18,TRUE
importaciones__san_marino,XIMP0159,X,,,0,0,sum,monthly,12/1/2008,5/1/2025,33,16,TRUE
importaciones__cocos_keeling_islas,XIMP0160,X,,,0,0,sum,monthly,12/1/1992,2/1/2025,67,19,TRUE
importaciones__macedonia,XIMP0161,X,,,0,0,sum,monthly,8/1/2000,7/1/2026,138,2,TRUE
importaciones__zimbabwe,XIMP0162,X,,,0,0,sum,monthly,6/1/1994,7/1/2026,52,2,TRUE
importaciones__santo_tome_y_principe,XIMP0163,X,,,0,0,sum,monthly,9/1/1992,5/1/2025,28,16,TRUE
importaciones__montenegro,XIMP0164,X,,,0,0,sum,monthly,6/1/2008,6/1/2026,105,3,TRUE
importaciones__canton_y_enderburry_islas,XIMP0165,X,,,0,0,sum,monthly,8/1/2013,4/1/2016,31,125,TRUE
importaciones__mauricio,XIMP0166,X,,,0,0,sum,monthly,7/1/1996,7/1/2026,157,2,TRUE
importaciones__serbia_y_montenegro,XIMP0167,X,,,0,0,sum,monthly,2/1/1992,12/1/2023,47,33,TRUE
importaciones__congo_republica_del,XIMP0168,X,,,0,0,sum,monthly,8/1/1992,2/1/2025,41,19,TRUE
importaciones__armenia,XIMP0169,X,,,0,0,sum,monthly,5/1/1993,6/1/2026,70,3,TRUE
importaciones__andorra,XIMP0170,X,,,0,0,sum,monthly,10/1/1994,7/1/2026,92,2,TRUE
importaciones__haiti,XIMP0171,X,,,0,0,sum,monthly,7/1/1993,5/1/2026,146,4,TRUE
importaciones__nueva_caledonia,XIMP0172,X,,,0,0,sum,monthly,9/1/1993,7/1/2026,64,2,TRUE
importaciones__sierra_leona,XIMP0173,X,,,0,0,sum,monthly,12/1/2000,7/1/2026,137,2,TRUE
importaciones__laos_republica_popular_democratica_de,XIMP0174,X,,,0,0,sum,monthly,8/1/2004,7/1/2026,145,2,TRUE
importaciones__niger,XIMP0175,X,,,0,0,sum,monthly,4/1/2003,6/1/2026,117,3,TRUE
importaciones__butan,XIMP0176,X,,,0,0,sum,monthly,4/1/1992,7/1/2026,38,2,TRUE
importaciones__aruba,XIMP0177,X,,,0,0,sum,monthly,5/1/1993,7/1/2025,35,14,TRUE
importaciones__pacifico_islas_menores_del_estados_unidos,XIMP0178,X,,,0,0,sum,monthly,7/1/2006,7/1/2026,77,2,TRUE
importaciones__tanzania_republica_unida_de,XIMP0179,X,,,0,0,sum,monthly,2/1/1992,7/1/2026,49,2,TRUE
importaciones__bermudas,XIMP0180,X,,,0,0,sum,monthly,7/1/1994,12/1/2025,41,9,TRUE
importaciones__macao,XIMP0181,X,,,0,0,sum,monthly,8/1/1997,7/1/2026,130,2,TRUE
importaciones__monaco,XIMP0182,X,,,0,0,sum,monthly,7/1/2004,4/1/2026,97,5,TRUE
importaciones__gabon,XIMP0183,X,,,0,0,sum,monthly,12/1/1995,12/1/2025,21,9,TRUE
importaciones__etiopia,XIMP0184,X,,,0,0,sum,monthly,3/1/1997,7/1/2026,75,2,TRUE
importaciones__namibia,XIMP0185,X,,,0,0,sum,monthly,5/1/1998,7/1/2026,45,2,TRUE
importaciones__mozambique,XIMP0186,X,,,0,0,sum,monthly,1/1/1997,7/1/2026,62,2,TRUE
importaciones__botswana,XIMP0187,X,,,0,0,sum,monthly,7/1/1992,7/1/2026,42,2,TRUE
importaciones__isla_de_man,XIMP0188,X,,,0,0,sum,monthly,4/1/2013,5/1/2023,3,40,TRUE
importaciones__moldavia,XIMP0189,X,,,0,0,sum,monthly,6/1/1996,2/1/2026,79,7,TRUE
importaciones__pitcairn_isla,XIMP0190,X,,,0,0,sum,monthly,8/1/1992,8/1/2025,28,13,TRUE
importaciones__niue_isla,XIMP0191,X,,,0,0,sum,monthly,5/1/1999,7/1/2026,52,2,TRUE
importaciones__benin,XIMP0192,X,,,0,0,sum,monthly,3/1/1992,1/1/2026,25,8,TRUE
importaciones__territorio_palestino_ocupado,XIMP0193,X,,,0,0,sum,monthly,2/1/2008,4/1/2026,33,5,TRUE
importaciones__azerbaiyan,XIMP0194,X,,,0,0,sum,monthly,3/1/1994,7/1/2026,21,2,TRUE
importaciones__martinica,XIMP0195,X,,,0,0,sum,monthly,1/1/2008,10/1/2013,2,155,TRUE
importaciones__costa_del_marfil,XIMP0196,X,,,0,0,sum,monthly,6/1/1992,6/1/2026,49,3,TRUE
importaciones__kiribati,XIMP0197,X,,,0,0,sum,monthly,2/1/1993,8/1/2020,15,73,TRUE
importaciones__guinea,XIMP0198,X,,,0,0,sum,monthly,9/1/1992,11/1/2025,35,10,TRUE
importaciones__surinam,XIMP0199,X,,,0,0,sum,monthly,12/1/1994,9/1/2025,58,12,TRUE
importaciones__republica_centroafricana,XIMP0200,X,,,0,0,sum,monthly,6/1/1992,7/1/2026,56,2,TRUE
importaciones__guam,XIMP0201,X,,,0,0,sum,monthly,8/1/2007,5/1/2024,13,28,TRUE
importaciones__sudan,XIMP0202,X,,,0,0,sum,monthly,7/1/1994,8/1/2025,48,13,TRUE
importaciones__guadalupe,XIMP0203,X,,,0,0,sum,monthly,11/1/1993,10/1/2025,29,11,TRUE
importaciones__santa_elena,XIMP0204,X,,,0,0,sum,monthly,8/1/1993,2/1/2022,21,55,TRUE
importaciones__guyana,XIMP0205,X,,,0,0,sum,monthly,10/1/1998,1/1/2026,24,8,TRUE
importaciones__san_vicente_y_las_granadinas,XIMP0206,X,,,0,0,sum,monthly,9/1/1993,9/1/2021,6,60,TRUE
importaciones__guinea_ecuatorial,XIMP0207,X,,,0,0,sum,monthly,2/1/1992,11/1/2021,6,58,TRUE
importaciones__johnston_isla,XIMP0208,X,,,0,0,sum,monthly,11/1/1992,12/1/2015,5,129,TRUE
importaciones__antigua_y_barbuda,XIMP0209,X,,,0,0,sum,monthly,5/1/1992,5/1/2025,39,16,TRUE
importaciones__zona_canal_de_panama,XIMP0210,X,,,0,0,sum,monthly,2/1/1992,1/1/1999,15,332,TRUE
importaciones__zambia,XIMP0211,X,,,0,0,sum,monthly,2/1/1996,4/1/2026,19,5,TRUE
importaciones__kosovo,XIMP0212,X,,,0,0,sum,monthly,8/1/2017,1/1/2020,7,80,TRUE
importaciones__midway_islas,XIMP0213,X,,,0,0,sum,monthly,6/1/1993,12/1/2004,10,261,TRUE
importaciones__groenlandia,XIMP0214,X,,,0,0,sum,monthly,9/1/1993,11/1/2023,9,34,TRUE
importaciones__comoras,XIMP0215,X,,,0,0,sum,monthly,4/1/1998,12/1/2018,8,93,TRUE
importaciones__caiman_islas,XIMP0216,X,,,0,0,sum,monthly,12/1/1995,7/1/2023,16,38,TRUE
importaciones__nauru,XIMP0217,X,,,0,0,sum,monthly,1/1/1993,4/1/2026,51,5,TRUE
importaciones__yemen,XIMP0218,X,,,0,0,sum,monthly,1/1/1992,1/1/2024,15,32,TRUE
importaciones__cabo_verde,XIMP0219,X,,,0,0,sum,monthly,11/1/1996,8/1/2025,55,13,TRUE
importaciones__guayana_francesa,XIMP0220,X,,,0,0,sum,monthly,6/1/1996,3/1/2026,23,6,TRUE
importaciones__tonga,XIMP0221,X,,,0,0,sum,monthly,3/1/1999,3/1/2023,7,42,TRUE
importaciones__djibouti,XIMP0222,X,,,0,0,sum,monthly,9/1/2001,10/1/2023,11,35,TRUE
importaciones__angola,XIMP0223,X,,,0,0,sum,monthly,12/1/1995,7/1/2026,21,2,TRUE
importaciones__cook_islas,XIMP0224,X,,,0,0,sum,monthly,5/1/1992,7/1/2021,22,62,TRUE
importaciones__timor_leste_timor_del_este,XIMP0225,X,,,0,0,sum,monthly,6/1/2008,2/1/2026,42,7,TRUE
importaciones__lesotho,XIMP0226,X,,,0,0,sum,monthly,6/1/2005,7/1/2026,84,2,TRUE
importaciones__chad,XIMP0227,X,,,0,0,sum,monthly,12/1/1993,11/1/2025,23,10,TRUE
importaciones__territorio_antartico_britanico,XIMP0228,X,,,0,0,sum,monthly,11/1/2001,9/1/2003,2,276,TRUE
importaciones__san_bartolome,XIMP0229,X,,,0,0,sum,monthly,12/1/2013,7/1/2026,34,2,TRUE
importaciones__nepal,XIMP0230,X,,,0,0,sum,monthly,10/1/1992,7/1/2026,70,2,TRUE
importaciones__uganda,XIMP0231,X,,,0,0,sum,monthly,8/1/1992,8/1/2025,37,13,TRUE
importaciones__jersey_isla,XIMP0232,X,,,0,0,sum,monthly,5/1/2007,9/1/2022,14,48,TRUE
importaciones__kirguistan,XIMP0233,X,,,0,0,sum,monthly,12/1/2006,5/1/2026,26,4,TRUE
importaciones__papua_nueva_guinea,XIMP0234,X,,,0,0,sum,monthly,5/1/2000,6/1/2021,19,63,TRUE
importaciones__palau,XIMP0235,X,,,0,0,sum,monthly,6/1/2009,3/1/2019,5,90,TRUE
importaciones__mauritania,XIMP0236,X,,,0,0,sum,monthly,9/1/1993,8/1/2025,45,13,TRUE
importaciones__malawi,XIMP0237,X,,,0,0,sum,monthly,4/1/1993,4/1/2024,21,29,TRUE
importaciones__mayotte,XIMP0238,X,,,0,0,sum,monthly,9/1/2007,7/1/2024,13,26,TRUE
importaciones__montserrat_isla,XIMP0239,X,,,0,0,sum,monthly,6/1/2001,2/1/2026,24,7,TRUE
importaciones__gambia,XIMP0240,X,,,0,0,sum,monthly,6/1/1995,12/1/2025,25,9,TRUE
importaciones__georgia_del_sur_y_sandwich_del_sur_islas,XIMP0241,X,,,0,0,sum,monthly,9/1/2010,7/1/2022,6,50,TRUE
importaciones__navidad_christmas_isla,XIMP0242,X,,,0,0,sum,monthly,6/1/1995,3/1/2026,33,6,TRUE
importaciones__territorio_britanico_del_oceano_indico,XIMP0243,X,,,0,0,sum,monthly,1/1/2007,1/1/2026,17,8,TRUE
importaciones__virgenes_islas_estados_unidos,XIMP0244,X,,,0,0,sum,monthly,2/1/2007,7/1/2026,43,2,TRUE
importaciones__salomon_islas,XIMP0245,X,,,0,0,sum,monthly,3/1/1996,7/1/2025,19,14,TRUE
importaciones__sahara_occidental,XIMP0246,X,,,0,0,sum,monthly,4/1/2016,5/1/2022,6,52,TRUE
importaciones__liberia,XIMP0247,X,,,0,0,sum,monthly,4/1/2004,3/1/2019,14,90,TRUE
importaciones__eritrea,XIMP0248,X,,,0,0,sum,monthly,12/1/2006,6/1/2026,22,3,TRUE
importaciones__sudan_del_sur,XIMP0249,X,,,0,0,sum,monthly,12/1/2013,8/1/2017,2,109,TRUE
importaciones__tuvalu,XIMP0250,X,,,0,0,sum,monthly,6/1/1993,4/1/2022,7,53,TRUE
importaciones__maldivas,XIMP0251,X,,,0,0,sum,monthly,3/1/2010,3/1/2023,10,42,TRUE
importaciones__ruanda,XIMP0252,X,,,0,0,sum,monthly,8/1/2006,5/1/2025,17,16,TRUE
importaciones__guinea_bissau,XIMP0253,X,,,0,0,sum,monthly,9/1/1997,4/1/2026,10,5,TRUE
importaciones__san_pedro_y_miquelon,XIMP0254,X,,,0,0,sum,monthly,10/1/2006,6/1/2026,4,3,TRUE
importaciones__libia,XIMP0255,X,,,0,0,sum,monthly,10/1/2002,3/1/2024,14,30,TRUE
importaciones__guernsey_isla,XIMP0256,X,,,0,0,sum,monthly,11/1/2010,3/1/2026,10,6,TRUE
importaciones__falkland_islas_malvinas,XIMP0257,X,,,0,0,sum,monthly,8/1/2016,9/1/2025,15,12,TRUE
importaciones__micronesia_estados_federados_de,XIMP0258,X,,,0,0,sum,monthly,2/1/2011,5/1/2026,15,4,TRUE
importaciones__africa_espanola_del_norte,XIMP0259,X,,,0,0,sum,monthly,6/1/2012,4/1/2024,14,29,TRUE
importaciones__anguilla,XIMP0260,X,,,0,0,sum,monthly,12/1/1993,6/1/2025,7,15,TRUE
importaciones__antartida,XIMP0261,X,,,0,0,sum,monthly,2/1/2006,2/1/2021,13,67,TRUE
importaciones__fiji,XIMP0262,X,,,0,0,sum,monthly,6/1/2005,2/1/2026,12,7,TRUE
importaciones__somalia,XIMP0263,X,,,0,0,sum,monthly,9/1/2005,12/1/2019,6,81,TRUE
importaciones__turcas_y_caicos_islas,XIMP0264,X,,,0,0,sum,monthly,8/1/2013,9/1/2024,7,24,TRUE
importaciones__svalbard_y_jan_mayen_islas,XIMP0265,X,,,0,0,sum,monthly,10/1/2008,10/1/2025,7,11,TRUE
importaciones__granada,XIMP0266,X,,,0,0,sum,monthly,1/1/1992,11/1/2023,12,34,TRUE
importaciones__togo,XIMP0267,X,,,0,0,sum,monthly,9/1/2009,9/1/2025,4,12,TRUE
importaciones__santa_lucia,XIMP0268,X,,,0,0,sum,monthly,3/1/2009,5/1/2019,2,88,TRUE
importaciones__marianas_del_norte_islas,XIMP0269,X,,,0,0,sum,monthly,4/1/2004,10/1/2014,7,143,TRUE
importaciones__vanuatu,XIMP0270,X,,,0,0,sum,monthly,8/1/2013,5/1/2024,13,28,TRUE
importaciones__heard_y_mc_donald_islas,XIMP0271,X,,,0,0,sum,monthly,12/1/2009,12/1/2017,3,105,TRUE
importaciones__norfolk_isla,XIMP0272,X,,,0,0,sum,monthly,10/1/2015,1/1/2024,5,32,TRUE
importaciones__bouvet_isla,XIMP0273,X,,,0,0,sum,monthly,5/1/2007,4/1/2018,2,101,TRUE
importaciones__francia_metropolitana,XIMP0274,X,,,0,0,sum,monthly,4/1/2013,4/1/2013,1,161,TRUE
importaciones__wallis_y_futuna_islas,XIMP0275,X,,,0,0,sum,monthly,1/1/1992,11/1/2022,4,46,TRUE
importaciones__efectos_personales,XIMP0276,X,,,0,0,sum,monthly,1/1/1992,7/1/2026,324,2,TRUE
bolivia_cotiza_estano,XMIN0001,X,,,0,0,mean,monthly,1/1/1990,12/1/2025,432,9,TRUE
bolivia_cotiza_cobre,XMIN0002,X,,,0,0,mean,monthly,1/1/1990,12/1/2025,432,9,TRUE
bolivia_cotiza_plomo,XMIN0003,X,,,0,0,mean,monthly,1/1/1990,12/1/2025,432,9,TRUE
bolivia_cotiza_zinc,XMIN0004,X,,,0,0,mean,monthly,1/1/1990,12/1/2025,432,9,TRUE
bolivia_cotiza_wolfram,XMIN0005,X,,,0,0,mean,monthly,1/1/1990,12/1/2025,432,9,TRUE
bolivia_cotiza_plata,XMIN0006,X,,,0,0,mean,monthly,1/1/1990,12/1/2025,432,9,TRUE
bolivia_cotiza_antimonio,XMIN0007,X,,,0,0,mean,monthly,1/1/1990,12/1/2025,432,9,TRUE
bolivia_cotiza_oro,XMIN0008,X,,,0,0,mean,monthly,1/1/1990,12/1/2025,432,9,TRUE
USA_exp_BOL,XUSA0001,X,,,0,0,sum,monthly,1/31/1992,7/31/2026,415,2,TRUE
USA_imp_BOL,XUSA0002,X,,,0,0,sum,monthly,1/31/1992,7/31/2026,415,2,TRUE
